index,,formula,hdf5 index,opt,settings,cdft,cdft,cdft,cdft,cdft,cdft,cdft,cdft,cdft,cdft,cdft,cdft,cdft,cdft,cdft
sub index,,,,,1,Electronic chemical potential (mu),Electronegativity (chi=-mu),Hardness (eta),Softness (S),Hyperhardness (gamma),Electrophilicity index (w=omega),Dissocation energy (nucleofuge),Dissociation energy (electrofuge),Electrodonating power (w-),Electroaccepting power(w+),Net Electrophilicity,Global Dual Descriptor Deltaf-,Global Dual Descriptor Deltaf+,Electronic chemical potential (mu-),Electronic chemical potential (mu+)
smiles,anchor,,,,,,,,,,,,,,,,,,,
-,-,str,-1,False,str,,,,,,,,,,,,,,,
O=C(O)CCc1cn(-c2ccc(Br)cc2)nc1-c1ccc(Cl)cc1,O20,,3,True,,-0.163,0.163,0.257,3.884,0.227,0.051,0.017492677355611774,0.3425404319992802,0.2,0.037,0.237,0.493,-0.493,-0.034,-0.291
O=C(O)c1cnccc1Cl,O7,,4,True,,-0.198,0.198,0.316,3.162,0.313,0.062,0.022196590594095615,0.41772954517067035,0.242,0.045,0.287,0.736,-0.736,-0.04,-0.356
O=C(O)c1c(F)cnc(F)c1F,O7,,5,True,,-0.212,0.212,0.287,3.486,0.256,0.079,0.009701821054372919,0.4341564921831881,0.281,0.069,0.35,0.581,-0.581,-0.069,-0.356
