,smiles,Electronic chemical potential (mu),Electronegativity (chi=-mu),Hardness (eta),Softness (S),Hyperhardness (gamma),Electrophilicity index (w=omega),Dissocation energy (nucleofuge),Dissociation energy (electrofuge),Electrodonating power (w-),Electroaccepting power(w+),Net Electrophilicity,Global Dual Descriptor Deltaf-,Global Dual Descriptor Deltaf+,Electronic chemical potential (mu-),Electronic chemical potential (mu+)
0,CN(C)N=C1C=NC=C1C(=O)O,-0.175,0.175,0.239,4.192,0.222,0.064,0.0083788454560493,0.3590041283339736,0.231,0.056,0.287,0.411,-0.411,-0.056,-0.295
1,CC1(C(=O)O)C(=O)NCC=C1CO,-0.154,0.154,0.34,2.944,0.329,0.035,0.0507140646024038,0.3588938803674466,0.168,0.014,0.182,0.63,-0.63,0.016,-0.324
2,C=NN1CC12COCCC2C(=O)O,-0.145,0.145,0.316,3.165,0.285,0.033,0.0465246418743792,0.3355213114637301,0.158,0.014,0.172,0.745,-0.745,0.013,-0.302
3,CC#CC(O)CC#CC(=O)C(=O)O,-0.209,0.209,0.276,3.628,0.27,0.079,0.008084850878644,0.4258143960493143,0.28,0.071,0.351,0.943,-0.943,-0.071,-0.347
4,C=CC1(C(=O)O)CN1C=NC(C)=O,-0.185,0.185,0.302,3.311,0.292,0.057,0.0224905851715008,0.393474992534738,0.226,0.04,0.266,0.647,-0.647,-0.034,-0.337
5,O=C(O)C=CC1CCC2OC12CO,-0.174,0.174,0.324,3.091,0.308,0.047,0.0347648587781696,0.3818989560494066,0.2,0.027,0.227,0.601,-0.601,-0.012,-0.335
6,O=C(O)C1CN=C(N2CC=CC2)O1,-0.127,0.127,0.324,3.09,0.287,0.025,0.0594971526023854,0.3142802032462015,0.134,0.007,0.141,0.933,-0.933,0.034,-0.289
7,C#Cc1cc(C)n(C(=O)O)c1OC,-0.125,0.125,0.275,3.63,0.219,0.028,0.0409387449036796,0.2914588741751197,0.137,0.012,0.148,0.542,-0.542,0.012,-0.263
8,CC(C(=O)O)=C1C=CC(O)(C=O)C1,-0.174,0.174,0.266,3.76,0.222,0.057,0.0158022085355316,0.3644430280159705,0.218,0.044,0.262,0.424,-0.424,-0.041,-0.307
9,C=CC1=CC(C(=O)O)N2CC2C1,-0.152,0.152,0.278,3.6,0.259,0.041,0.0286277219748352,0.3319933765348672,0.176,0.024,0.2,0.481,-0.481,-0.013,-0.291
10,C#CC1(CO)CN=C(C(=O)O)N1C,-0.154,0.154,0.273,3.657,0.224,0.043,0.0262390160334176,0.333610346710596,0.18,0.027,0.207,0.662,-0.662,-0.017,-0.29
11,O=C(O)C1=CC(=C2CC=CC2)CC1,-0.159,0.159,0.25,4.002,0.201,0.051,0.0163901976903421,0.3351170689197978,0.197,0.038,0.234,0.507,-0.507,-0.034,-0.284
12,COC1C2CC2N(C)C1C(=O)O,-0.111,0.111,0.337,2.971,0.284,0.018,0.0759240996149032,0.296971272501468,0.113,0.002,0.115,0.879,-0.879,0.058,-0.279
13,O=C(O)C1OC2C3CCC(CC12)O3,-0.14,0.14,0.365,2.736,0.335,0.027,0.0693459709454609,0.3500005444009381,0.147,0.007,0.153,0.766,-0.766,0.042,-0.323
14,CCN1C(=N)OCC(C(=O)O)=C1C,-0.151,0.151,0.282,3.548,0.227,0.04,0.0305019374057936,0.3320668751792185,0.174,0.023,0.197,0.571,-0.571,-0.01,-0.292
15,O=C(O)C1CCC(c2ccon2)O1,-0.167,0.167,0.353,2.831,0.347,0.04,0.0490235957823237,0.3832954302920816,0.185,0.018,0.202,0.856,-0.856,0.009,-0.344
16,CC1=C(C(=O)O)CC(=O)N1C(N)=O,-0.169,0.169,0.296,3.382,0.252,0.048,0.0272312477321603,0.364920769204254,0.199,0.03,0.23,0.507,-0.507,-0.021,-0.317
17,CC1OC(C#CC(=O)O)C2CC12C,-0.178,0.178,0.332,3.009,0.323,0.047,0.0360143357321418,0.3911965345598474,0.204,0.027,0.231,0.859,-0.859,-0.011,-0.344
18,C=CC1CN1c1ccc(C(=O)O)s1,-0.154,0.154,0.264,3.795,0.214,0.045,0.022894827715433,0.33019265974826,0.183,0.029,0.212,0.571,-0.571,-0.022,-0.285
19,C=C(OC(C)C#CC)C(=O)C(=O)O,-0.181,0.181,0.28,3.568,0.263,0.058,0.01767642396649,0.3791060075640569,0.224,0.044,0.268,0.646,-0.646,-0.041,-0.321
20,C=C(CC1OCC(C)O1)C(=O)O,-0.165,0.165,0.317,3.159,0.296,0.043,0.0363450796317227,0.3660599981916994,0.188,0.023,0.211,0.832,-0.832,-0.007,-0.323
21,C=C(OC)C1CCC(C(=O)O)OC1,-0.122,0.122,0.35,2.853,0.324,0.021,0.0745643746944039,0.3182123807189966,0.125,0.003,0.129,0.969,-0.969,0.053,-0.297
22,N#CC12C=CC(=O)CC1C2C(=O)O,-0.207,0.207,0.296,3.374,0.288,0.072,0.0135604998828166,0.4270271236811109,0.266,0.059,0.325,0.681,-0.681,-0.059,-0.355
23,C=C1C=CCC2C(C)C2C1C(=O)O,-0.152,0.152,0.299,3.349,0.255,0.039,0.0360878343764932,0.3397474835139303,0.172,0.02,0.192,0.353,-0.353,-0.003,-0.301
24,CN=C1C=CC2C=CC(C(=O)O)N12,-0.151,0.151,0.298,3.357,0.275,0.038,0.0360878343764932,0.3385715052043094,0.171,0.02,0.191,0.641,-0.641,-0.002,-0.3
25,C=C1CC(CC)C(CC(=O)O)C1C,-0.135,0.135,0.354,2.822,0.317,0.026,0.0679127473806104,0.3377997694386206,0.141,0.006,0.147,0.584,-0.584,0.042,-0.312
26,CC1(CO)C2CN3C(C(=O)O)C3C21,-0.146,0.146,0.348,2.878,0.333,0.031,0.0582109263262375,0.3509927760996808,0.157,0.01,0.167,0.777,-0.777,0.027,-0.32
27,C=CCC1CC(C)(C(=C)C(=O)O)C1,-0.168,0.168,0.319,3.139,0.311,0.044,0.035573343866034,0.3716458951623989,0.193,0.025,0.217,0.967,-0.967,-0.009,-0.327
28,N#CC1COC=NN1C=CC(=O)O,-0.153,0.153,0.29,3.448,0.236,0.04,0.0324129021589277,0.3383142599490798,0.175,0.022,0.198,0.545,-0.545,-0.008,-0.298
29,CC1OC2C(=CC(=O)O)C=CC12C,-0.173,0.173,0.271,3.692,0.243,0.055,0.017786671933017,0.3631935510619982,0.213,0.041,0.254,0.422,-0.422,-0.037,-0.308
30,C=C1CCCC1(C)C=C(C)C(=O)O,-0.159,0.159,0.311,3.21,0.292,0.04,0.037484308619168,0.3548147056059489,0.18,0.021,0.201,0.694,-0.694,-0.003,-0.314
31,CN1C(CO)C1C1(C(=O)O)CC1,-0.101,0.101,0.278,3.602,0.195,0.018,0.0561897136065764,0.2581272389618007,0.105,0.004,0.108,0.919,-0.919,0.038,-0.24
32,CC1C(O)C2(C(=O)O)C=NOCC12,-0.15,0.15,0.344,2.904,0.311,0.033,0.0546829913973746,0.3552189481498811,0.162,0.012,0.174,0.626,-0.626,0.022,-0.322
33,CCC(C)=C1OCCC1CC(=O)O,-0.113,0.113,0.309,3.233,0.218,0.02,0.0626208449873161,0.2876369446688516,0.117,0.004,0.12,0.869,-0.869,0.042,-0.267
34,CCC12CC(C1=O)C(C(=O)O)C2C,-0.147,0.147,0.341,2.933,0.295,0.032,0.0550137352969555,0.3495963018570059,0.159,0.011,0.17,0.714,-0.714,0.023,-0.318
35,C=CC1(C#CC(N)=O)CC1C(=O)O,-0.172,0.172,0.324,3.082,0.306,0.045,0.0359040877656149,0.3794735007858134,0.197,0.025,0.222,0.718,-0.718,-0.01,-0.334
36,C#CC(C(=O)O)C(C=CC)CC,-0.141,0.141,0.363,2.756,0.339,0.028,0.0675452541588538,0.3503680376226947,0.148,0.007,0.156,0.568,-0.568,0.04,-0.323
37,C=C1COC(C=NO)(C(=O)O)C1C,-0.155,0.155,0.336,2.978,0.318,0.036,0.0487296012049185,0.3584161391791631,0.17,0.015,0.185,0.904,-0.904,0.013,-0.323
38,CC1CCCC(C#CC(=O)O)C1C,-0.172,0.172,0.341,2.932,0.332,0.044,0.0417104806693684,0.3864926213213635,0.195,0.022,0.217,0.754,-0.754,-0.002,-0.343
39,C=C1OC=C(C(=O)O)C1N(C)C,-0.155,0.155,0.276,3.618,0.262,0.043,0.0267535065438768,0.3364400445181214,0.181,0.027,0.208,0.89,-0.89,-0.017,-0.293
40,C=CC(C)(CC(=C)C(C)C)C(=O)O,-0.155,0.155,0.326,3.072,0.309,0.037,0.0444299305103668,0.3553659454385837,0.172,0.017,0.189,0.869,-0.869,0.007,-0.318
41,CC1=CC(CC(=O)O)C=NOC1,-0.137,0.137,0.332,3.016,0.306,0.028,0.0571084466609678,0.3310011448361245,0.146,0.009,0.155,0.649,-0.649,0.029,-0.303
42,O=C(O)C1=CC2=C(C=CC2CO)C1,-0.16,0.16,0.232,4.306,0.153,0.055,0.011282041907926,0.3310378941583001,0.205,0.045,0.249,0.419,-0.419,-0.044,-0.276
43,CC1=CCC2C(C(=O)O)OCOC12,-0.132,0.132,0.352,2.839,0.33,0.025,0.0688682297571774,0.3327651123005559,0.137,0.005,0.143,0.9,-0.9,0.044,-0.308
44,C=Cc1nc(CC#N)c(C(=O)O)o1,-0.192,0.192,0.267,3.745,0.212,0.069,0.0106573034309399,0.3938057364343189,0.25,0.058,0.308,0.411,-0.411,-0.058,-0.325
45,O=C(O)C1=CC#CCC2CC(C1)C2,-0.171,0.171,0.268,3.734,0.235,0.055,0.0173824293890848,0.3600698586770676,0.212,0.041,0.253,0.438,-0.438,-0.037,-0.305
46,CN1NC(=O)CC(C(=O)O)=CC1=O,-0.193,0.193,0.282,3.544,0.261,0.066,0.0142219876819784,0.3994651320493697,0.245,0.053,0.298,0.66,-0.66,-0.052,-0.334
47,C#CC(=CC(=O)O)COCC#N,-0.196,0.196,0.278,3.599,0.243,0.069,0.0121272763179661,0.40369130409957,0.253,0.057,0.311,0.443,-0.443,-0.057,-0.335
48,C=CC1=CCCOCOC1C(=O)O,-0.148,0.148,0.303,3.297,0.266,0.036,0.0399465132049369,0.3351905675641491,0.165,0.017,0.182,0.402,-0.402,0.004,-0.299
49,C=CC1(C(=O)O)OC1C(C)C(=C)C,-0.153,0.153,0.34,2.94,0.324,0.034,0.0515960483346196,0.3572769101917178,0.166,0.014,0.18,0.925,-0.925,0.017,-0.323
50,C=C(C)C12C=CC(C(=O)O)(C=C1)O2,-0.166,0.166,0.298,3.358,0.284,0.046,0.0291054631631187,0.3614663329197425,0.194,0.028,0.223,0.454,-0.454,-0.017,-0.315
51,CCC1COC2=C1C(C(=O)O)CC2,-0.119,0.119,0.315,3.179,0.232,0.022,0.0610038748115872,0.2982942480997916,0.124,0.005,0.129,0.845,-0.845,0.039,-0.276
52,COC1(C(=O)O)C=NN=C1CC#N,-0.204,0.204,0.3,3.339,0.288,0.069,0.0153244673472481,0.4227274529865594,0.259,0.055,0.315,0.675,-0.675,-0.054,-0.353
53,C#CC(O)C(C(=O)O)=C(C)NC=O,-0.169,0.169,0.284,3.516,0.252,0.05,0.0234460675480678,0.3613928342753911,0.203,0.034,0.236,0.522,-0.522,-0.027,-0.311
54,C=C(C=O)CC1(CC(=O)O)CC1O,-0.177,0.177,0.298,3.353,0.281,0.053,0.0246220458576888,0.378665015697949,0.212,0.035,0.247,0.762,-0.762,-0.028,-0.326
55,CC1CC=CCC2(C(=O)O)CN12,-0.134,0.134,0.355,2.816,0.35,0.025,0.0686109845019478,0.3374322762168641,0.14,0.006,0.146,0.758,-0.758,0.043,-0.312
56,CN(CCNC(=O)C=O)CC(=O)O,-0.18,0.18,0.26,3.845,0.227,0.062,0.0122375242844931,0.3728586227941955,0.231,0.051,0.283,0.979,-0.979,-0.05,-0.31
57,C=C1C2C=CCC1(C(=O)O)N(C)C2,-0.125,0.125,0.323,3.095,0.299,0.024,0.0605628829454794,0.3111197615390951,0.131,0.006,0.138,0.873,-0.873,0.036,-0.287
58,C=C(C=CC(=O)O)COCOC,-0.178,0.178,0.277,3.615,0.253,0.058,0.0174191787112604,0.3742183477146947,0.222,0.043,0.265,0.393,-0.393,-0.04,-0.317
59,COC1C(C)C2(C)CC1(C(=O)O)O2,-0.141,0.141,0.367,2.724,0.339,0.027,0.0694562189119879,0.3520585064427748,0.148,0.007,0.155,0.824,-0.824,0.042,-0.325
60,NC(=O)OC12CC1CC=C2C(=O)O,-0.168,0.168,0.307,3.258,0.29,0.046,0.0312736731714824,0.368007712267009,0.196,0.027,0.223,0.568,-0.568,-0.015,-0.322
61,C=C1CC(=N)N(O)C(C)(C(=O)O)C1,-0.154,0.154,0.353,2.835,0.346,0.034,0.0560427163178738,0.3638917881833357,0.166,0.012,0.178,0.651,-0.651,0.022,-0.33
62,CC(C#CCC(O)C(=O)O)C=NO,-0.157,0.157,0.363,2.759,0.361,0.034,0.0582844249705888,0.3721971349950337,0.169,0.012,0.181,0.712,-0.712,0.024,-0.338
63,C#CC1(C(=O)O)OCC1(C)C#N,-0.188,0.188,0.349,2.862,0.331,0.05,0.037484308619168,0.4126581387104299,0.216,0.029,0.245,0.706,-0.706,-0.013,-0.362
64,CC1=C(C(=O)O)C2C3CC(O1)C2O3,-0.151,0.151,0.309,3.232,0.278,0.037,0.0404242543932204,0.3430181731875636,0.169,0.018,0.187,0.524,-0.524,0.003,-0.306
65,CC1=CN(CCC(=O)O)C(=NO)C1,-0.13,0.13,0.287,3.487,0.237,0.029,0.0428497096568137,0.3028879133717485,0.142,0.012,0.154,0.52,-0.52,0.013,-0.273
66,CC(=O)Cc1nc(CC(=O)O)cs1,-0.161,0.161,0.296,3.382,0.263,0.044,0.0306489346944962,0.3527567435641123,0.187,0.026,0.212,0.485,-0.485,-0.013,-0.309
67,C=COCC1(C)OC1(C=C)C(=O)O,-0.142,0.142,0.311,3.216,0.274,0.032,0.0460836500082713,0.329457673304747,0.155,0.013,0.168,0.94,-0.94,0.014,-0.297
68,CCC1CCC1(C(=O)O)C1COC1,-0.136,0.136,0.371,2.692,0.346,0.025,0.0747113719831066,0.3463623615055483,0.141,0.005,0.146,0.965,-0.965,0.05,-0.322
69,CCC1C(C(=O)O)=CC2OC21CO,-0.176,0.176,0.31,3.23,0.3,0.05,0.0289584658744161,0.3802452365515021,0.207,0.031,0.238,0.519,-0.519,-0.021,-0.33
70,CN1C(CCCC#N)C1CC(=O)O,-0.132,0.132,0.354,2.826,0.3,0.025,0.0695297175563392,0.3336470960327717,0.137,0.005,0.143,0.92,-0.92,0.045,-0.309
71,CC1CC(C)(C)CN1CC(=O)O,-0.119,0.119,0.327,3.057,0.255,0.022,0.0662222785605303,0.3041373903257207,0.123,0.004,0.127,0.872,-0.872,0.045,-0.283
72,C=CC1=COC2C(O1)C2C(=O)O,-0.158,0.158,0.283,3.535,0.248,0.044,0.0274149943430386,0.344047154208482,0.185,0.027,0.213,0.433,-0.433,-0.017,-0.3
73,CC(C(=O)O)C1(C(O)CC=O)CC1,-0.151,0.151,0.351,2.852,0.323,0.032,0.0570349480166165,0.3582323925682848,0.162,0.011,0.173,0.716,-0.716,0.025,-0.326
74,CC(C(=O)O)C12CC=CCC1(O)C2,-0.133,0.133,0.334,2.993,0.317,0.026,0.0604893843011281,0.3265912261750459,0.14,0.007,0.148,0.931,-0.931,0.034,-0.3
75,CCCC(CC)(C(=O)O)C(C)C,-0.144,0.144,0.397,2.518,0.368,0.026,0.0808485087864409,0.3683752054887656,0.149,0.005,0.154,0.735,-0.735,0.055,-0.342
76,CC12C=NN=C1C=CC2(O)C(=O)O,-0.181,0.181,0.289,3.465,0.273,0.057,0.0201753778744345,0.3814579641832988,0.221,0.041,0.262,0.392,-0.392,-0.036,-0.325
77,CC1CC2(C=C(C(=O)O)CO2)C1C,-0.167,0.167,0.299,3.342,0.256,0.047,0.02917896180747,0.3633405483507009,0.196,0.028,0.224,0.708,-0.708,-0.017,-0.317
78,C#CCC(C(=O)O)=C(C)C=O,-0.197,0.197,0.276,3.629,0.261,0.07,0.011282041907926,0.4047202851204884,0.256,0.059,0.315,0.721,-0.721,-0.059,-0.335
79,O=C(O)C1CCOC2(CC2)C2CC12,-0.133,0.133,0.366,2.729,0.35,0.024,0.0743806280835257,0.3402619740243895,0.138,0.005,0.142,0.939,-0.939,0.05,-0.316
80,CC1C=C(C(=O)O)CC2(C)CC2O1,-0.166,0.166,0.298,3.353,0.28,0.046,0.0295464550292266,0.3605843491875267,0.193,0.028,0.221,0.893,-0.893,-0.016,-0.315
81,CCC(C)(C(=O)O)N(C)C(=O)NO,-0.146,0.146,0.349,2.869,0.313,0.031,0.0586519181923453,0.3513602693214374,0.156,0.01,0.166,0.782,-0.782,0.028,-0.321
82,O=C(O)C=CN(O)C1=NCC=C1,-0.159,0.159,0.259,3.857,0.2,0.049,0.0194403914309214,0.3371750309616346,0.193,0.034,0.227,0.649,-0.649,-0.029,-0.289
83,C=COC1Cc2nn(C(=O)O)cc21,-0.165,0.165,0.292,3.426,0.251,0.046,0.0277089889204438,0.3571666622251908,0.194,0.029,0.222,0.948,-0.948,-0.019,-0.311
84,C#CCC1(C(O)C(=O)O)CC1C=O,-0.167,0.167,0.335,2.983,0.32,0.041,0.0423719684685302,0.3757250699238966,0.187,0.02,0.208,0.752,-0.752,0.001,-0.334
85,CC(=C(CO)C(=O)O)C1C=COC1,-0.148,0.148,0.276,3.623,0.237,0.04,0.0298037002844562,0.3252682505767224,0.17,0.022,0.193,0.907,-0.907,-0.01,-0.286
86,CCC=C1C2CC(C)(O2)C1C(=O)O,-0.139,0.139,0.349,2.866,0.329,0.028,0.0632823327864779,0.3407764645348487,0.146,0.008,0.154,0.778,-0.778,0.036,-0.313
87,CC(C=NO)CC1(C(=O)O)CCO1,-0.144,0.144,0.36,2.778,0.348,0.029,0.0646788070291527,0.3530139888193418,0.152,0.008,0.16,0.676,-0.676,0.036,-0.324
88,C=C(C(=O)O)N(C=N)CC1CC1C,-0.151,0.151,0.291,3.436,0.244,0.039,0.0335888804685486,0.3359623033298379,0.172,0.021,0.193,0.616,-0.616,-0.006,-0.297
89,O=C(O)CCC1=CCC(O)C(=O)N1,-0.144,0.144,0.316,3.162,0.27,0.033,0.0466716391630818,0.3355213114637301,0.158,0.014,0.171,0.522,-0.522,0.014,-0.303
90,CCC=C(C)C1=NOC(C(=O)O)C1,-0.157,0.157,0.28,3.566,0.226,0.044,0.0272312477321603,0.3410337097900783,0.184,0.027,0.211,0.415,-0.415,-0.017,-0.297
91,C#CCCN1C(CO)C1(C)C(=O)O,-0.146,0.146,0.339,2.947,0.309,0.031,0.0551607325856581,0.3468033533716561,0.157,0.011,0.168,0.786,-0.786,0.024,-0.315
92,CC(C)CC(C)(C=O)OCC(=O)O,-0.171,0.171,0.327,3.059,0.307,0.045,0.0372270633639385,0.3789957595975299,0.195,0.024,0.22,0.81,-0.81,-0.007,-0.334
93,O=C(O)C1CC12C(O)C=CC1CN12,-0.14,0.14,0.333,3.001,0.309,0.029,0.0561897136065764,0.3355213114637301,0.149,0.01,0.159,0.648,-0.648,0.027,-0.306
94,CC(=CC(=O)O)C=C1C=CC=C1C,-0.174,0.174,0.216,4.639,0.187,0.07,0.0040791747614977,0.3513602693214374,0.24,0.067,0.307,0.695,-0.695,-0.066,-0.281
95,CCC1C=CC(=NN=CC(=O)O)O1,-0.172,0.172,0.264,3.793,0.234,0.056,0.0160227044685855,0.3593716215557301,0.214,0.042,0.257,0.621,-0.621,-0.04,-0.303
96,Cc1ncc(O)c(=O)nc1C(=O)O,-0.199,0.199,0.227,4.413,0.184,0.087,0.0017272181422557,0.3989138922167349,0.288,0.089,0.376,0.672,-0.672,-0.085,-0.312
97,C=C1C(=CC(=O)O)C(O)CS1(=O)=O,-0.208,0.208,0.266,3.757,0.243,0.082,0.006284134092037,0.4230581968861402,0.284,0.076,0.36,0.392,-0.392,-0.075,-0.341
98,C=CC1C=C(C(C)C)OC1C(=O)O,-0.125,0.125,0.327,3.06,0.28,0.024,0.0622901010877352,0.3123324891708918,0.131,0.006,0.137,0.886,-0.886,0.038,-0.288
99,CCC1OCC1(O)C(C)=CC(=O)O,-0.173,0.173,0.312,3.206,0.306,0.048,0.0309061799497258,0.3770112962000446,0.202,0.029,0.231,0.838,-0.838,-0.017,-0.329
100,CN1C(CC#CC(=O)O)C1CCO,-0.159,0.159,0.301,3.324,0.268,0.042,0.0336256297907243,0.3508825281331538,0.182,0.023,0.205,0.947,-0.947,-0.008,-0.309
101,CC1(O)C2CCC3C(C2C(=O)O)C31,-0.147,0.147,0.379,2.638,0.375,0.028,0.0710731890877167,0.364920769204254,0.154,0.007,0.161,0.864,-0.864,0.043,-0.336
102,COc1cn(C(=O)O)c2cnoc12,-0.154,0.154,0.276,3.621,0.243,0.043,0.0271209997656333,0.3346393277315143,0.18,0.026,0.206,0.511,-0.511,-0.016,-0.292
103,CC12C(=N)NC(=O)OC1C2C(=O)O,-0.171,0.171,0.351,2.853,0.338,0.042,0.0457896554308661,0.3885505833632002,0.191,0.02,0.211,0.734,-0.734,0.004,-0.347
104,C=C1C=C(C(=O)O)CC(O)COC1,-0.171,0.171,0.279,3.585,0.253,0.053,0.0208001163514207,0.3631935510619982,0.208,0.037,0.245,0.386,-0.386,-0.032,-0.311
105,C=CC(C(=O)O)C1C2CN=CN21,-0.144,0.144,0.332,3.012,0.299,0.031,0.0532130185103484,0.3412909550453079,0.155,0.011,0.166,0.759,-0.759,0.022,-0.31
106,C=C1CC=CCC1(C#CC)C(=O)O,-0.144,0.144,0.345,2.896,0.337,0.03,0.058468171581467,0.347134097271237,0.154,0.01,0.164,0.593,-0.593,0.028,-0.317
107,C#CC1=NOC2CC1(C)C2C(=O)O,-0.166,0.166,0.299,3.343,0.257,0.046,0.0298404496066318,0.3609150930871077,0.193,0.028,0.221,0.469,-0.469,-0.016,-0.315
108,CC1=CC(=O)CCCC1(O)C(=O)O,-0.143,0.143,0.266,3.753,0.212,0.038,0.0288114685857135,0.3139494593466205,0.164,0.022,0.186,0.954,-0.954,-0.009,-0.276
109,O=C(O)C1=C2OCC=C2CCC=C1,-0.151,0.151,0.242,4.135,0.18,0.047,0.0170516854895039,0.3190576151290366,0.185,0.034,0.219,0.465,-0.465,-0.03,-0.272
110,O=C(O)C1=CCC2=C(COC=C2)O1,-0.142,0.142,0.242,4.127,0.177,0.042,0.0205796204183667,0.30549711524622,0.17,0.028,0.198,0.737,-0.737,-0.021,-0.264
111,CCC(C)(CC)CC(=NO)C(=O)O,-0.187,0.187,0.325,3.078,0.314,0.054,0.0292524604518213,0.4032870615556378,0.221,0.034,0.256,0.578,-0.578,-0.025,-0.349
112,O=C(O)C1OC12C=CCC(O)C=C2,-0.16,0.16,0.327,3.054,0.319,0.039,0.0425924644015841,0.3633772976728766,0.179,0.019,0.198,0.554,-0.554,0.003,-0.324
113,CC1=C(CC(=O)O)C=NN2C(C)C12,-0.147,0.147,0.25,3.995,0.239,0.043,0.0214983534727581,0.3146109471457823,0.175,0.028,0.203,0.686,-0.686,-0.021,-0.272
114,C#CC(=C)C1(C(=O)O)C=CC(O)C1,-0.16,0.16,0.307,3.261,0.283,0.042,0.0348383574225209,0.3557334386603403,0.183,0.023,0.206,0.387,-0.387,-0.007,-0.314
115,C=C1CCC(C)(C)C=C(C(=O)O)C1,-0.157,0.157,0.301,3.319,0.274,0.041,0.0344708642007643,0.3488245660913172,0.179,0.022,0.202,0.829,-0.829,-0.007,-0.308
116,C#CCC1C2OC(C)C(C(=O)O)C12,-0.132,0.132,0.351,2.846,0.318,0.025,0.0687579817906504,0.3318463792461645,0.137,0.005,0.142,0.911,-0.911,0.044,-0.307
117,CN(C)C1(C(=O)O)C=CC2CC1C2,-0.124,0.124,0.327,3.06,0.296,0.023,0.0632088341421265,0.3103480257734064,0.129,0.005,0.134,0.84,-0.84,0.04,-0.287
118,Cc1cnnc2cc(C(=O)O)oc12,-0.189,0.189,0.262,3.824,0.247,0.069,0.0099223169874268,0.3887710792962541,0.248,0.059,0.307,0.829,-0.829,-0.059,-0.32
119,C=CC1=CC(CC(=O)C(=O)O)C=C1,-0.166,0.166,0.239,4.179,0.186,0.058,0.0111350446192234,0.3437164103089011,0.214,0.047,0.261,0.932,-0.932,-0.047,-0.286
120,CC(=O)C1(CC(=O)O)C=CC(C)C1,-0.142,0.142,0.329,3.037,0.294,0.03,0.0533967651212267,0.336807537739878,0.152,0.011,0.163,0.593,-0.593,0.023,-0.306
121,C=C1C2OC2C2(O)CC2C1C(=O)O,-0.14,0.14,0.344,2.903,0.306,0.029,0.0605628829454794,0.3408867125013757,0.149,0.008,0.157,0.608,-0.608,0.032,-0.312
122,CN1C=NOCC(C=CC(=O)O)=C1,-0.16,0.16,0.226,4.429,0.164,0.056,0.0097018210543729,0.3288329348277609,0.207,0.047,0.254,0.547,-0.547,-0.047,-0.272
123,C=C(C=C(C)C)C(=C)OCC(=O)O,-0.143,0.143,0.293,3.411,0.271,0.035,0.0384397909957351,0.3244597654888579,0.16,0.017,0.176,0.378,-0.378,0.004,-0.29
124,C#CCc1nnc(=N)oc1C(=O)O,-0.225,0.225,0.235,4.247,0.221,0.107,0.0002572452552295,0.4494442102082606,0.341,0.117,0.458,0.579,-0.579,-0.107,-0.342
125,COC1=CC(C)C(C(=O)O)CC1C,-0.123,0.123,0.337,2.968,0.282,0.023,0.0676187528032051,0.3146109471457823,0.128,0.005,0.133,0.892,-0.892,0.045,-0.292
126,CC1(C)CCC1N(C=N)CC(=O)O,-0.133,0.133,0.329,3.041,0.293,0.027,0.0584314222592914,0.3240922722671014,0.141,0.008,0.148,0.776,-0.776,0.032,-0.297
127,CC1=C(C(=O)O)c2nnoc2CO1,-0.159,0.159,0.277,3.615,0.219,0.046,0.0250630377237967,0.3427976772545097,0.188,0.029,0.217,0.437,-0.437,-0.021,-0.297
128,CN1C2COC3C(C2=O)C31C(=O)O,-0.145,0.145,0.294,3.397,0.252,0.036,0.0378150525187489,0.3281346977064234,0.163,0.017,0.18,0.783,-0.783,0.002,-0.292
129,O=C(O)C1=CCN2CC(C2)OC1=O,-0.168,0.168,0.277,3.605,0.234,0.051,0.0214983534727581,0.3578281500243526,0.203,0.035,0.239,0.885,-0.885,-0.029,-0.307
130,CC1C=CC2(C(=O)O)CCC3C1N32,-0.138,0.138,0.324,3.085,0.294,0.029,0.0536540103764562,0.3289431827942878,0.148,0.01,0.157,0.888,-0.888,0.024,-0.3
131,CC1=NCC(C(=O)O)CN1CC#N,-0.134,0.134,0.337,2.969,0.318,0.027,0.0611508721002899,0.3288696841499365,0.141,0.007,0.149,0.846,-0.846,0.035,-0.302
132,CC1=CC2(C)C(C(=O)O)CN2CC1,-0.117,0.117,0.329,3.038,0.3,0.021,0.0683537392467182,0.3023734228612892,0.121,0.004,0.124,0.884,-0.884,0.048,-0.282
133,O=C(O)C12CN1CC1(O)CCOC12,-0.138,0.138,0.343,2.917,0.308,0.028,0.0612243707446412,0.3371382816394588,0.146,0.008,0.154,0.812,-0.812,0.033,-0.309
134,O=CCCC1C=C(C(=O)O)CO1,-0.179,0.179,0.305,3.281,0.294,0.053,0.0259082721338367,0.3841406647021216,0.214,0.035,0.249,0.802,-0.802,-0.027,-0.331
135,C=C1C=NN(CC(C)C(=O)O)C1=N,-0.195,0.195,0.226,4.426,0.213,0.084,0.0021682100083636,0.3914170304929013,0.279,0.084,0.364,0.658,-0.658,-0.082,-0.308
136,CC(=N)N1CC(O)C(C)=C1C(=O)O,-0.128,0.128,0.293,3.413,0.233,0.028,0.0465246418743792,0.3023366735391136,0.138,0.01,0.148,0.566,-0.566,0.019,-0.274
137,NC(=O)NC1=COC(=CC(=O)O)C1,-0.134,0.134,0.274,3.648,0.207,0.033,0.0357203411547366,0.3040638916813694,0.15,0.016,0.166,0.595,-0.595,0.003,-0.271
138,COC(C)=C(C(=O)O)C1CCC1,-0.133,0.133,0.299,3.346,0.258,0.03,0.04601015136392,0.3121119932378378,0.144,0.011,0.156,0.527,-0.527,0.016,-0.282
139,C#CC(C(=O)C(=O)O)C(C)NC=O,-0.19,0.19,0.28,3.57,0.274,0.064,0.014589480903735,0.3939159844008458,0.241,0.051,0.292,0.953,-0.953,-0.05,-0.33
140,C=CC(=O)Nc1coc(C(=O)O)c1,-0.167,0.167,0.282,3.545,0.239,0.05,0.0233725689037165,0.3579383979908796,0.201,0.033,0.234,0.719,-0.719,-0.026,-0.308
141,CN=C1C(C(=O)O)C2CC2N1C=O,-0.177,0.177,0.308,3.247,0.297,0.051,0.0276722395982682,0.3825971931707441,0.21,0.033,0.243,0.855,-0.855,-0.023,-0.331
142,O=C(O)CC1C2C=CC(=O)C(O)C21,-0.179,0.179,0.278,3.598,0.248,0.058,0.0174926773556117,0.3761660617900045,0.223,0.043,0.266,0.708,-0.708,-0.04,-0.318
143,C=CC1CC1CC(CC)CC(=O)O,-0.13,0.13,0.352,2.84,0.304,0.024,0.0698604614559201,0.3305601529700166,0.135,0.005,0.141,0.934,-0.934,0.046,-0.306
144,C=C(CC(=O)O)C(C)(C)C=O,-0.156,0.156,0.346,2.886,0.342,0.035,0.0522207868116057,0.3647370225933758,0.17,0.014,0.184,0.797,-0.797,0.017,-0.329
145,C=C(C#CC(=O)O)OC(C)C=NO,-0.181,0.181,0.282,3.547,0.248,0.058,0.0180806665104222,0.3798777433297456,0.224,0.043,0.267,0.558,-0.558,-0.04,-0.322
146,CC1(C#CCC(=O)O)C=CCC=C1,-0.139,0.139,0.353,2.836,0.343,0.027,0.0647155563513284,0.3426874292879828,0.146,0.007,0.154,0.664,-0.664,0.037,-0.315
147,O=CN1CCN=C1C1OC1C(=O)O,-0.163,0.163,0.311,3.221,0.287,0.043,0.0348383574225209,0.3617235781749721,0.187,0.024,0.211,0.667,-0.667,-0.008,-0.319
148,COC1C=NN2CCC(C(=O)O)=C12,-0.147,0.147,0.247,4.052,0.181,0.044,0.0201018792300832,0.314537448501431,0.177,0.03,0.206,0.556,-0.556,-0.024,-0.271
149,C=CC1(C(=O)O)CON=C1C,-0.15,0.15,0.323,3.1,0.287,0.035,0.0459366527195687,0.3467666040494805,0.165,0.015,0.181,0.716,-0.716,0.011,-0.312
150,C=CC1(C(=O)O)C=CC(=O)C1=NO,-0.192,0.192,0.277,3.605,0.258,0.067,0.0131195080167088,0.3973336713631817,0.246,0.054,0.301,0.723,-0.723,-0.053,-0.331
151,O=C(O)C#CC(=O)c1ncncn1,-0.233,0.233,0.263,3.801,0.254,0.103,0.0017639674644314,0.4672676314634532,0.339,0.106,0.445,0.747,-0.747,-0.101,-0.364
152,COC12CCC1(C(=O)O)CNC2=O,-0.142,0.142,0.345,2.902,0.325,0.029,0.0597911471797906,0.3429446745432124,0.151,0.009,0.159,0.857,-0.857,0.031,-0.314
153,C=CC1(C(=O)O)OC(C)C2CCC21,-0.164,0.164,0.341,2.931,0.338,0.039,0.0459734020417443,0.3741448490703434,0.182,0.018,0.2,0.745,-0.745,0.007,-0.335
154,O=C(O)CC1CC2C(=O)CCCN12,-0.136,0.136,0.303,3.299,0.255,0.03,0.0462673966191496,0.3175508929198348,0.147,0.012,0.159,0.805,-0.805,0.016,-0.287
155,C#CC=CC1C=C(C(=O)O)COC1,-0.168,0.168,0.296,3.377,0.278,0.048,0.0276354902760925,0.3640020361498626,0.198,0.03,0.228,0.639,-0.639,-0.02,-0.316
156,COC=C1COCC1C#CC(=O)O,-0.153,0.153,0.299,3.348,0.263,0.039,0.0357203411547366,0.3408499631792001,0.173,0.02,0.193,0.885,-0.885,-0.003,-0.302
157,C#CC(=O)C(C)CC1(C(=O)O)CC1,-0.188,0.188,0.318,3.145,0.309,0.056,0.0266065092551742,0.4025153257899491,0.225,0.037,0.262,0.758,-0.758,-0.029,-0.347
158,CC=NN(C=N)C(C)C#CC(=O)O,-0.156,0.156,0.294,3.403,0.254,0.041,0.032486400803279,0.3439001569197794,0.179,0.023,0.202,0.926,-0.926,-0.009,-0.303
159,CCC(=O)N(CC(=O)O)C(=O)CC,-0.164,0.164,0.356,2.811,0.348,0.038,0.0514858003680926,0.3800982392627995,0.18,0.016,0.196,0.736,-0.736,0.014,-0.342
160,O=C(O)C12C=CC(C1)OCCC2O,-0.142,0.142,0.358,2.796,0.341,0.028,0.0650463002509093,0.3488613154134928,0.15,0.008,0.157,0.643,-0.643,0.037,-0.321
161,C=C1C=NN(CCO)C1CC(=O)O,-0.144,0.144,0.266,3.76,0.201,0.039,0.028113231464376,0.3154561815558224,0.166,0.022,0.188,0.503,-0.503,-0.011,-0.277
162,CC1OC2CC=CC1CC2C(=O)O,-0.133,0.133,0.359,2.787,0.351,0.025,0.071146687732068,0.336807537739878,0.138,0.005,0.143,0.93,-0.93,0.047,-0.312
163,CC1CCC2=CCOC2(C(=O)O)O1,-0.147,0.147,0.337,2.967,0.326,0.032,0.0535805117321049,0.3475383398151693,0.159,0.012,0.17,0.621,-0.621,0.022,-0.315
164,C=C1CC(C(=O)O)N2CC2C1OC,-0.134,0.134,0.352,2.841,0.338,0.026,0.0673247582257999,0.3358520553633109,0.14,0.006,0.146,0.721,-0.721,0.042,-0.31
165,N=C(C(=O)O)N1OC2C=CCC1C2,-0.153,0.153,0.273,3.666,0.237,0.043,0.026202266711242,0.3325813656896777,0.18,0.026,0.206,0.744,-0.744,-0.017,-0.29
166,C=CC(C)C12CC(C1)C(C(=O)O)O2,-0.146,0.146,0.365,2.74,0.358,0.029,0.0656342894057198,0.3577179020578256,0.154,0.008,0.163,0.819,-0.819,0.036,-0.328
167,CC(C(=O)O)C1CCC=C(C#N)C1,-0.171,0.171,0.329,3.037,0.304,0.044,0.0380722977739785,0.3799879912962726,0.195,0.024,0.219,0.369,-0.369,-0.006,-0.336
168,COn1ncc(O)c1C(C)C(=O)O,-0.108,0.108,0.287,3.479,0.242,0.02,0.0561529642844008,0.2716509895224417,0.112,0.004,0.117,0.84,-0.84,0.036,-0.251
169,NC(=O)C12CON=CC1C2C(=O)O,-0.165,0.165,0.322,3.108,0.301,0.042,0.0383295430292081,0.3676769683674282,0.187,0.022,0.209,0.702,-0.702,-0.004,-0.326
170,O=C(O)C#CC1=COCCC=CO1,-0.169,0.169,0.275,3.636,0.241,0.052,0.0206163697405424,0.35768115273565,0.205,0.036,0.241,0.545,-0.545,-0.031,-0.306
171,CC#CCC1ON=CC1(C)C(=O)O,-0.144,0.144,0.338,2.954,0.322,0.031,0.0560059669956982,0.3435326636980229,0.154,0.01,0.164,0.671,-0.671,0.025,-0.313
172,CC#Cc1ccc(CC(=O)O)nc1,-0.159,0.159,0.288,3.475,0.257,0.044,0.0288482179078891,0.3466563560829535,0.185,0.026,0.212,0.467,-0.467,-0.015,-0.303
173,C=C1C=C(C(=O)O)C2=COCOC12,-0.165,0.165,0.236,4.233,0.17,0.058,0.0107308020752912,0.3407397152126731,0.213,0.048,0.26,0.495,-0.495,-0.047,-0.283
174,C#CC(CC)(C(=O)O)C1CC1C,-0.146,0.146,0.382,2.616,0.367,0.028,0.0729474045186751,0.3651045158151323,0.153,0.007,0.159,0.843,-0.843,0.045,-0.337
175,C=C(C=Nn1cccn1)C(=O)O,-0.18,0.18,0.248,4.034,0.221,0.065,0.009260829188265,0.3696614317649135,0.237,0.056,0.293,0.588,-0.588,-0.056,-0.304
176,C=CCN1CCCC(C(=O)O)C1,-0.117,0.117,0.321,3.119,0.26,0.021,0.0645685590626258,0.2988087386102507,0.121,0.004,0.126,0.858,-0.858,0.043,-0.277
177,C=C1C2CC2(C(=O)O)NC(=O)N1C,-0.137,0.137,0.317,3.151,0.276,0.03,0.0510080591798091,0.3258194904093571,0.148,0.011,0.159,0.892,-0.892,0.021,-0.296
178,COc1cc(O)ccc1CC(=O)O,-0.143,0.143,0.302,3.314,0.268,0.034,0.0420044752467736,0.3270322180411537,0.157,0.015,0.172,0.565,-0.565,0.008,-0.293
179,Cn1nc2scc(Cl)c2c1C(=O)O,-0.161,0.161,0.253,3.955,0.218,0.051,0.0166841922677473,0.3386450038486607,0.199,0.038,0.237,0.591,-0.591,-0.035,-0.287
180,O=C(O)CC12OC1CC(O)C1CC12,-0.141,0.141,0.367,2.727,0.343,0.027,0.0696032162006905,0.351176522710559,0.147,0.007,0.154,0.957,-0.957,0.043,-0.324
181,O=C(O)CC1CC#CCOCOC1,-0.146,0.146,0.341,2.929,0.335,0.031,0.0560794656400495,0.3475750891373449,0.156,0.011,0.167,0.766,-0.766,0.025,-0.316
182,CC1(C(=CC(=O)O)CC2CO2)CC1,-0.172,0.172,0.318,3.145,0.298,0.047,0.0335153818241973,0.377489037388328,0.199,0.027,0.226,0.53,-0.53,-0.013,-0.331
183,CC1(C)C=C(C(=O)O)COC=CC1,-0.163,0.163,0.301,3.319,0.283,0.044,0.0316044170710632,0.3582691418904605,0.189,0.026,0.215,0.844,-0.844,-0.013,-0.314
184,CC(C)(O)C#CC(C=NO)C(=O)O,-0.158,0.158,0.35,2.86,0.345,0.036,0.052294285455957,0.3691469412544544,0.173,0.014,0.187,0.859,-0.859,0.016,-0.333
185,O=C1C2CC3C(=O)C2C(C(=O)O)C13,-0.154,0.154,0.32,3.123,0.283,0.037,0.0429967069455163,0.3515440159323156,0.171,0.017,0.189,0.712,-0.712,0.006,-0.314
186,O=CC1=C(C(=O)O)C(C=O)N2CC12,-0.19,0.19,0.262,3.818,0.234,0.069,0.0098488183430755,0.3901308042167534,0.249,0.059,0.309,0.706,-0.706,-0.059,-0.321
187,CCCC(=CCOC)C(=O)C(=O)O,-0.202,0.202,0.265,3.776,0.255,0.077,0.0075703603681849,0.4107104246351202,0.271,0.069,0.34,0.747,-0.747,-0.069,-0.334
188,O=C(O)C12CCC1CN1C(CO)C12,-0.134,0.134,0.342,2.922,0.303,0.026,0.0633190821086535,0.3313318887357054,0.141,0.007,0.148,0.929,-0.929,0.037,-0.305
189,CC1=C(CC(N)=O)C=CC1C(=O)O,-0.163,0.163,0.285,3.511,0.249,0.047,0.0260185201003637,0.3522055037314774,0.193,0.03,0.222,0.424,-0.424,-0.021,-0.306
190,CC1=CC(C)C(C(=O)O)C(C=O)O1,-0.142,0.142,0.295,3.386,0.244,0.034,0.0400567611714639,0.3231000405683586,0.157,0.016,0.173,0.92,-0.92,0.006,-0.289
191,CCC1=C(C)C(C#CC(=O)O)CO1,-0.144,0.144,0.273,3.66,0.203,0.038,0.0307224333388475,0.3180653834302939,0.164,0.021,0.185,0.943,-0.943,-0.007,-0.28
192,C=COC1OCC(CC)C1C(=O)O,-0.14,0.14,0.368,2.717,0.346,0.026,0.0708894424768384,0.3501842910118164,0.146,0.006,0.152,0.432,-0.432,0.044,-0.324
193,O=C(O)C1CCCN2CCOC2=N1,-0.119,0.119,0.348,2.876,0.316,0.02,0.0752626118157414,0.3130674756144049,0.122,0.003,0.125,0.798,-0.798,0.055,-0.293
194,C=CC(C#CCC(=O)O)C1(C)CC1,-0.156,0.156,0.367,2.725,0.361,0.033,0.0604893843011281,0.3730056200828981,0.168,0.011,0.179,0.808,-0.808,0.027,-0.34
195,CCC(O)C(C)=C(C=O)C(=O)O,-0.185,0.185,0.285,3.514,0.269,0.06,0.0173824293890848,0.3875951009866332,0.231,0.046,0.276,0.775,-0.775,-0.043,-0.327
196,CCN=CN1C(C#N)C1CC(=O)O,-0.151,0.151,0.353,2.835,0.341,0.032,0.0579536810710079,0.3590041283339736,0.162,0.011,0.173,0.635,-0.635,0.026,-0.327
197,CC1=CC2CCC1CC2(C)C(=O)O,-0.146,0.146,0.36,2.778,0.354,0.029,0.0637233246525857,0.3551821988277054,0.154,0.009,0.163,0.39,-0.39,0.034,-0.326
198,CC(O)C1(CC(=O)O)C2C=COC21,-0.122,0.122,0.317,3.15,0.267,0.023,0.0603423870124254,0.3038066464261398,0.127,0.006,0.133,0.762,-0.762,0.037,-0.28
199,COC(C#N)CN(C)CCC(=O)O,-0.134,0.134,0.352,2.841,0.302,0.025,0.0678024994140834,0.3348598236645683,0.139,0.006,0.145,0.921,-0.921,0.042,-0.31
200,CC12C=NN=C1CC(O)(C(=O)O)C2,-0.177,0.177,0.321,3.115,0.316,0.049,0.0321924062258737,0.3867498665765931,0.207,0.029,0.236,0.686,-0.686,-0.017,-0.338
201,CC(=NC1CC1C(=O)O)N(O)C=O,-0.158,0.158,0.302,3.311,0.265,0.041,0.0344341148785887,0.3500005444009381,0.18,0.022,0.203,0.569,-0.569,-0.007,-0.309
202,CC=CC12C=COCC1C2C(=O)O,-0.145,0.145,0.325,3.079,0.312,0.032,0.0497585822258368,0.3398209821582817,0.158,0.013,0.17,0.501,-0.501,0.017,-0.307
203,CC(=Cc1nc(C#N)cs1)C(=O)O,-0.193,0.193,0.252,3.97,0.205,0.074,0.0069823712133744,0.3921152676142387,0.259,0.067,0.326,0.505,-0.505,-0.067,-0.319
204,C=C(CN1CCC(C)=N1)C(=O)O,-0.159,0.159,0.254,3.944,0.199,0.05,0.0176029253221387,0.3357785567189597,0.195,0.036,0.231,0.538,-0.538,-0.032,-0.286
205,C#CC1C2CC(C2)C1OCC(=O)O,-0.137,0.137,0.379,2.636,0.362,0.025,0.0771368272466998,0.3519850077984235,0.142,0.005,0.147,0.877,-0.877,0.052,-0.327
206,O=C(O)C12C=NN=C1CC1CC1C2,-0.151,0.151,0.274,3.651,0.231,0.041,0.0277457382426195,0.3290534307608148,0.175,0.025,0.2,0.795,-0.795,-0.014,-0.288
207,CC1(C(O)C2CC2)CC1CC(=O)O,-0.146,0.146,0.38,2.628,0.372,0.028,0.0719551728199324,0.3649575185264297,0.153,0.007,0.16,0.835,-0.835,0.044,-0.337
208,C=C(CCO)C1C(C)C1(C)C(=O)O,-0.144,0.144,0.345,2.898,0.313,0.03,0.058578419547994,0.3465828574386022,0.154,0.01,0.163,0.509,-0.509,0.029,-0.317
209,CCC=C(CC1(C)CC1C)C(=O)O,-0.163,0.163,0.318,3.145,0.307,0.042,0.0377415538743976,0.36385503886116,0.185,0.022,0.207,0.504,-0.504,-0.004,-0.322
210,CC(C(=O)NO)=C(C(=O)O)N(C)C,-0.152,0.152,0.238,4.198,0.193,0.049,0.0154714646359507,0.3201233454721306,0.188,0.036,0.225,0.614,-0.614,-0.033,-0.271
211,O=C(O)C1=CC2(O)CC2C2OC12,-0.171,0.171,0.292,3.426,0.26,0.05,0.0248425417907427,0.3676769683674282,0.205,0.033,0.238,0.599,-0.599,-0.025,-0.317
212,CC1(C(O)C2CC2CC(=O)O)CO1,-0.146,0.146,0.376,2.661,0.362,0.028,0.0700442080667984,0.3626790605515391,0.154,0.007,0.161,0.849,-0.849,0.042,-0.334
213,CC(CC(=O)O)C1(CCCO)CC1,-0.146,0.146,0.393,2.543,0.387,0.027,0.0778718136902129,0.369404186509684,0.151,0.006,0.157,0.859,-0.859,0.051,-0.342
214,CC1=COC(C(=O)O)C2CC12O,-0.119,0.119,0.325,3.077,0.265,0.022,0.0653402948283145,0.3031819079491537,0.123,0.004,0.128,0.835,-0.835,0.044,-0.281
215,C=CC1=C(C(=O)O)C(=O)NC1C#N,-0.208,0.208,0.276,3.62,0.267,0.078,0.0084890934225763,0.423940180618356,0.277,0.07,0.347,0.444,-0.444,-0.07,-0.346
216,CC1CCCCC2CC2(C(=O)O)O1,-0.136,0.136,0.381,2.623,0.355,0.024,0.0791580399663608,0.3503680376226947,0.14,0.004,0.144,0.737,-0.737,0.055,-0.326
217,CC1C2C=CC(C(=O)O)(C=C2)N1C,-0.129,0.129,0.296,3.376,0.261,0.028,0.0471493803513653,0.3053133686353416,0.139,0.01,0.15,0.764,-0.764,0.019,-0.277
218,CC1=CCC(C)CC=CC1C(=O)O,-0.133,0.133,0.333,2.999,0.311,0.027,0.0601218910793715,0.3265177275306946,0.141,0.007,0.148,0.547,-0.547,0.034,-0.3
219,C=CC=CC1(C(=O)O)ON=C(C)O1,-0.166,0.166,0.292,3.422,0.285,0.047,0.0274517436652142,0.3585263871456901,0.195,0.029,0.224,0.378,-0.378,-0.019,-0.312
220,C=C(C)C1ON=C(C(=O)O)CC1=C,-0.176,0.176,0.317,3.155,0.307,0.049,0.031310422493658,0.3834791769029598,0.206,0.03,0.235,0.632,-0.632,-0.018,-0.335
221,C=CCC(=O)C(C=CC)=CC(=O)O,-0.18,0.18,0.263,3.803,0.251,0.062,0.0130827586945331,0.3730791187272494,0.23,0.05,0.279,0.556,-0.556,-0.049,-0.311
222,CS(=O)(=O)C1(CC(=O)O)C=CCO1,-0.157,0.157,0.336,2.976,0.301,0.037,0.0476638708618245,0.3617970768193234,0.173,0.016,0.189,0.661,-0.661,0.011,-0.325
223,CC1CC(C(=O)O)=COCC1=O,-0.167,0.167,0.312,3.2,0.288,0.044,0.0339931230124808,0.3674564724343743,0.192,0.025,0.217,0.58,-0.58,-0.011,-0.323
224,CC1(C)N(CC(=O)O)C1(C)CC#N,-0.148,0.148,0.37,2.7,0.337,0.03,0.0664795238157598,0.3633772976728766,0.157,0.008,0.165,0.88,-0.88,0.037,-0.334
225,CN=c1cc(C)sn1N=CC(=O)O,-0.16,0.16,0.268,3.728,0.222,0.048,0.0216821000836364,0.3424301840327532,0.193,0.032,0.225,0.547,-0.547,-0.026,-0.294
226,O=C(O)C1(CO)CC=CC(O)CC1,-0.146,0.146,0.35,2.86,0.335,0.031,0.0591664087028045,0.3516910132210182,0.156,0.01,0.166,0.48,-0.48,0.029,-0.321
227,C#CC(C(=O)O)C12C=C(C)C(C1)O2,-0.134,0.134,0.339,2.954,0.307,0.027,0.061665362610749,0.3301191611039088,0.141,0.007,0.149,0.893,-0.893,0.035,-0.303
228,O=C(O)C12OC13CCCC3N1CC12,-0.137,0.137,0.321,3.12,0.269,0.029,0.052294285455957,0.327215964652032,0.148,0.01,0.158,0.885,-0.885,0.023,-0.298
229,CC(C(=O)O)n1cnc2cocc21,-0.125,0.125,0.285,3.505,0.233,0.028,0.044834173054299,0.2955380489366174,0.136,0.01,0.146,0.476,-0.476,0.017,-0.268
230,C=CC=C1C=CC(O)(CC(=O)O)C1,-0.147,0.147,0.254,3.929,0.175,0.042,0.022784579748906,0.3163381652880382,0.174,0.027,0.201,0.339,-0.339,-0.02,-0.274
231,C=C(C)C(C(=CC)C(=O)O)=C(C)C,-0.148,0.148,0.28,3.568,0.244,0.039,0.0310164279162528,0.3279142017733695,0.17,0.022,0.192,0.791,-0.791,-0.008,-0.289
232,CC=CCC(C)(C(=O)O)C(C)=CC,-0.127,0.127,0.341,2.931,0.32,0.024,0.067104262292746,0.3214095717482785,0.132,0.005,0.137,0.658,-0.658,0.043,-0.298
233,C=CC1C(C)=CC(CC)=C1C(=O)O,-0.155,0.155,0.266,3.757,0.227,0.045,0.0233358195815409,0.3328753602670829,0.184,0.029,0.213,0.435,-0.435,-0.022,-0.288
234,C#CC1CC2CC1(C#N)C2C(=O)O,-0.172,0.172,0.377,2.652,0.373,0.039,0.0558957190291712,0.3993181347606671,0.188,0.016,0.204,0.889,-0.889,0.017,-0.36
235,CC12C(C=CC13CO3)CC2C(=O)O,-0.141,0.141,0.349,2.864,0.321,0.028,0.0622533517655595,0.3434959143758472,0.149,0.008,0.157,0.476,-0.476,0.034,-0.315
236,CC(C(=O)O)C1(C)C(=O)NCC1O,-0.138,0.138,0.374,2.676,0.368,0.025,0.0744173774057013,0.3501475416896408,0.143,0.005,0.148,0.863,-0.863,0.049,-0.325
237,CC12CC1CC1(C(=O)O)C(O)CC21,-0.14,0.14,0.383,2.609,0.377,0.025,0.0773940725019294,0.35683591832561,0.145,0.005,0.15,0.843,-0.843,0.052,-0.331
238,CC1CC2(C)C=CCC12C(=O)O,-0.133,0.133,0.362,2.764,0.333,0.025,0.0721756687529864,0.3387920011373633,0.138,0.005,0.143,0.783,-0.783,0.048,-0.314
239,O=C(O)C=CC1C2C(=O)OCCN12,-0.177,0.177,0.304,3.286,0.288,0.052,0.0264227626442959,0.3813844655389475,0.211,0.034,0.245,0.779,-0.779,-0.025,-0.33
240,CC(CCC=NO)C(C)(C)C(=O)O,-0.148,0.148,0.366,2.735,0.346,0.03,0.0644950604182745,0.3614295835975669,0.157,0.009,0.166,0.514,-0.514,0.034,-0.331
241,CCC(CC=O)C(CO)CC(=O)O,-0.155,0.155,0.349,2.863,0.324,0.034,0.0539112556316858,0.3643327800494436,0.168,0.013,0.182,0.713,-0.713,0.019,-0.33
242,C#CC(O)(CN(C)CCC)C(=O)O,-0.133,0.133,0.311,3.22,0.251,0.028,0.0510080591798091,0.3160809200328086,0.142,0.01,0.152,0.946,-0.946,0.023,-0.288
243,CC(C(=O)O)c1nccc(C#N)n1,-0.218,0.218,0.259,3.866,0.221,0.092,0.0031236923849306,0.4399261357647659,0.31,0.091,0.401,0.898,-0.898,-0.089,-0.348
244,COC(=O)CCC#CC(C)C(=O)O,-0.147,0.147,0.37,2.704,0.364,0.029,0.0672145102592729,0.3609150930871077,0.155,0.008,0.163,0.682,-0.682,0.038,-0.332
245,CN1C2C3C4C1C1C2C1(C(=O)O)N34,-0.124,0.124,0.351,2.85,0.308,0.022,0.0736456416400126,0.3207113346269411,0.127,0.004,0.131,0.891,-0.891,0.052,-0.299
246,C=C1C2=CC(C(=O)O)CC2C2OC12,-0.158,0.158,0.289,3.466,0.241,0.043,0.0295464550292266,0.3454803777733325,0.183,0.026,0.209,0.401,-0.401,-0.014,-0.302
247,CCC12C=CC(C(=O)C(=O)O)(C1)O2,-0.185,0.185,0.274,3.648,0.256,0.062,0.0146629795480863,0.383662923513838,0.234,0.049,0.283,0.956,-0.956,-0.047,-0.322
248,C=NN=C(C(=C)C(=O)O)C(=O)C#N,-0.203,0.203,0.268,3.732,0.252,0.077,0.0078276056234145,0.41434860753051,0.273,0.069,0.342,0.577,-0.577,-0.069,-0.337
249,CC12CCCC(C1C(=O)O)S2(=O)=O,-0.163,0.163,0.377,2.65,0.363,0.035,0.0610773734559385,0.3865293706435392,0.175,0.012,0.188,0.862,-0.862,0.026,-0.351
250,C=C(C#N)C1(C(=O)O)CCN(C)C1,-0.173,0.173,0.277,3.613,0.227,0.054,0.0194403914309214,0.3655822570034158,0.212,0.039,0.251,0.938,-0.938,-0.035,-0.311
251,CN1CC2=C(CC=C2)C1(C)C(=O)O,-0.133,0.133,0.286,3.496,0.271,0.031,0.0408284969371526,0.3072610827106514,0.147,0.013,0.16,0.52,-0.52,0.01,-0.276
252,CCCOC1COC(C)(C(=O)O)C1,-0.141,0.141,0.372,2.688,0.367,0.027,0.0719551728199324,0.3531977354302201,0.147,0.006,0.153,0.886,-0.886,0.045,-0.327
253,N=CN1C(CC(=O)O)C=CC12CC2,-0.119,0.119,0.308,3.248,0.251,0.023,0.0577331851379539,0.2964567819910088,0.125,0.006,0.131,0.798,-0.798,0.035,-0.273
254,Cc1occc1C(O)CCC(=O)O,-0.132,0.132,0.333,3.0,0.286,0.026,0.0610038748115872,0.3244230161666822,0.139,0.007,0.146,0.504,-0.504,0.035,-0.298
255,O=C(O)CC#CCCN1CC(=O)C1,-0.158,0.158,0.312,3.208,0.28,0.04,0.0379253004852759,0.3538959725515576,0.179,0.021,0.199,0.849,-0.849,-0.002,-0.314
256,CC1C2OC=CC3C2OC13C(=O)O,-0.138,0.138,0.318,3.143,0.278,0.03,0.051118307146336,0.3268484714302755,0.149,0.011,0.159,0.766,-0.766,0.021,-0.297
257,C=CC(CN1CC1)C(C)=CC(=O)O,-0.16,0.16,0.303,3.301,0.281,0.042,0.0335153818241973,0.3543002150954897,0.184,0.024,0.208,0.921,-0.921,-0.009,-0.312
258,CC=C(OCC#CC(=O)O)C(N)=O,-0.168,0.168,0.289,3.466,0.265,0.049,0.0251732856903236,0.3612090876645129,0.2,0.032,0.232,0.959,-0.959,-0.024,-0.312
259,CC=C(C)C(O)(C#CC(=O)O)CC,-0.161,0.161,0.296,3.379,0.255,0.044,0.0306856840166719,0.3530139888193418,0.187,0.026,0.213,0.935,-0.935,-0.013,-0.309
260,CC1COC12CN1CC2(C(=O)O)C1,-0.127,0.127,0.331,3.02,0.291,0.025,0.0626208449873161,0.3175876422420104,0.134,0.006,0.14,0.859,-0.859,0.038,-0.293
261,Cc1c(CC(=O)O)csc1C(C)C,-0.147,0.147,0.315,3.17,0.305,0.034,0.0450914183095286,0.338718502493012,0.161,0.015,0.176,0.414,-0.414,0.011,-0.305
262,O=C(O)C1OC2C=CC1N1CC2C1,-0.132,0.132,0.305,3.283,0.259,0.029,0.0487663505270941,0.3131409742587562,0.142,0.01,0.153,0.843,-0.843,0.02,-0.284
263,CCC(C)OC(CC=NO)C(=O)O,-0.148,0.148,0.362,2.764,0.351,0.03,0.0630250875312483,0.3594818695222571,0.157,0.009,0.167,0.715,-0.715,0.033,-0.329
264,C#CC(CC(=CCC)CC)C(=O)O,-0.137,0.137,0.339,2.947,0.295,0.028,0.0603056376902498,0.3344555811206361,0.145,0.008,0.153,0.6,-0.6,0.033,-0.307
265,C=C(C#N)C1=CC=NC1=CC(=O)O,-0.217,0.217,0.236,4.24,0.21,0.099,0.0008084850878644,0.4338992469279585,0.322,0.105,0.427,0.607,-0.607,-0.099,-0.334
266,C=C1COC(CC)(C(=O)O)C1=C,-0.141,0.141,0.246,4.057,0.205,0.04,0.022784579748906,0.3038066464261398,0.166,0.025,0.191,0.95,-0.95,-0.017,-0.264
267,C=CC1C(C(=O)O)C(C)N1N=C,-0.138,0.138,0.316,3.165,0.286,0.03,0.0500158274810664,0.3262972315976407,0.149,0.011,0.16,0.691,-0.691,0.02,-0.296
268,C=C1C=C(C)CN=C(C(=O)O)N1C,-0.145,0.145,0.247,4.045,0.192,0.042,0.0211676095731772,0.3110462628947438,0.173,0.028,0.201,0.833,-0.833,-0.021,-0.269
269,C=COC(C)=C(C)OC=CC(=O)O,-0.137,0.137,0.274,3.65,0.228,0.034,0.0343238669120617,0.3079960691541645,0.154,0.017,0.171,0.764,-0.764,0.0,-0.274
270,C=C(C(=O)O)C1CC=NOC(=O)C1,-0.193,0.193,0.316,3.168,0.305,0.059,0.0237033128032974,0.4103061820911879,0.235,0.041,0.276,0.916,-0.916,-0.035,-0.351
271,O=C(O)C1=CCC2C=CCC12,-0.161,0.161,0.311,3.214,0.302,0.042,0.0362715809873714,0.3580853952795822,0.183,0.022,0.205,0.955,-0.955,-0.005,-0.316
272,O=C(O)C=NN1CC2CC1CC2O,-0.156,0.156,0.287,3.481,0.241,0.042,0.0299874468953344,0.3419524428444697,0.181,0.025,0.205,0.554,-0.554,-0.012,-0.3
273,CC=CCC=CCC(=O)C(=O)O,-0.175,0.175,0.275,3.632,0.263,0.056,0.0183379117656518,0.3680812109113603,0.216,0.041,0.257,0.843,-0.843,-0.037,-0.313
274,CC1C2CC3C(C#N)C3(C(=O)O)N12,-0.15,0.15,0.339,2.948,0.296,0.033,0.0529190239329431,0.3523892503423557,0.162,0.012,0.175,0.845,-0.845,0.02,-0.319
275,CC1=CC(CC(=O)O)OC(C)(C)C1,-0.13,0.13,0.358,2.791,0.339,0.024,0.0725431619747429,0.3330591068779612,0.135,0.005,0.139,0.484,-0.484,0.049,-0.309
276,C=C1C(C)CC2(CO2)C1C(=O)O,-0.147,0.147,0.356,2.811,0.335,0.03,0.0612611200668168,0.3552189481498811,0.156,0.009,0.166,0.413,-0.413,0.031,-0.325
277,COC1=NC(C(=O)O)C2(C)C(C)N12,-0.136,0.136,0.349,2.865,0.332,0.026,0.0653035455061389,0.3364767938402971,0.142,0.007,0.149,0.755,-0.755,0.039,-0.31
278,CC(C(=O)O)C1CN(N=CC#N)C1,-0.17,0.17,0.284,3.524,0.229,0.051,0.0229683263597843,0.3622013193632556,0.204,0.034,0.238,0.546,-0.546,-0.028,-0.312
279,C=CC(CC(=O)O)C1C(C)CN1C,-0.125,0.125,0.328,3.049,0.278,0.024,0.06284134092037,0.3126632330704726,0.131,0.006,0.136,0.865,-0.865,0.039,-0.289
280,CCN1N=COC2(CC(=O)O)CC12,-0.122,0.122,0.331,3.02,0.272,0.023,0.0657445373722467,0.3106787696729873,0.127,0.005,0.132,0.62,-0.62,0.043,-0.288
281,C=C1OC(CC)CC(C(=O)O)=C1C,-0.16,0.16,0.256,3.914,0.204,0.05,0.0177499226108413,0.3382407613047286,0.197,0.036,0.233,0.598,-0.598,-0.032,-0.288
282,O=C(O)C=C1C2CN(C2)CC2CN12,-0.141,0.141,0.289,3.454,0.277,0.034,0.0382927937070325,0.3194618576729688,0.157,0.016,0.173,0.594,-0.594,0.004,-0.285
283,C=NN=CC#CCC(=NO)C(=O)O,-0.174,0.174,0.283,3.539,0.251,0.054,0.0208001163514207,0.3691101919322787,0.212,0.038,0.25,0.839,-0.839,-0.033,-0.315
284,CC1COCC(C)C(CC(=O)O)C1,-0.135,0.135,0.362,2.765,0.327,0.025,0.0712201863764193,0.3407029658904975,0.14,0.005,0.146,0.943,-0.943,0.046,-0.316
285,O=C(O)c1cncc(C2CO2)c1O,-0.18,0.18,0.314,3.188,0.306,0.052,0.0283337273974299,0.3890283245514837,0.213,0.033,0.247,0.645,-0.645,-0.024,-0.337
286,C=C(C)OC1(C)C(=O)CC1C(=O)O,-0.166,0.166,0.302,3.31,0.27,0.046,0.0305019374057936,0.363120052417647,0.194,0.027,0.221,0.827,-0.827,-0.015,-0.317
287,Cc1nc2c(o1)OCCC2C(=O)O,-0.117,0.117,0.321,3.114,0.242,0.021,0.0646053083848014,0.2994702264094125,0.122,0.004,0.126,0.591,-0.591,0.043,-0.278
288,C=C1C2CC(C(=O)NO2)C1C(=O)O,-0.156,0.156,0.309,3.234,0.279,0.039,0.0380722977739785,0.3495963018570059,0.176,0.02,0.196,0.875,-0.875,-0.001,-0.31
289,C=C(C)C=C(C#CC(=O)O)C(N)=O,-0.188,0.188,0.244,4.107,0.211,0.073,0.0063208834142126,0.3823399479155145,0.254,0.066,0.321,0.437,-0.437,-0.066,-0.31
290,COC1C=C(C(=O)O)CC12CC2,-0.175,0.175,0.323,3.099,0.318,0.047,0.0337358777572512,0.383883419446892,0.203,0.028,0.23,0.585,-0.585,-0.014,-0.336
291,C=C1C=CC(C)(C(=O)O)C12COC2,-0.156,0.156,0.3,3.337,0.258,0.041,0.034397365556413,0.3464726094720753,0.178,0.022,0.2,0.35,-0.35,-0.006,-0.306
292,C#CC1(C(=O)O)C(=C)COC1=O,-0.171,0.171,0.349,2.864,0.341,0.042,0.0452751649204069,0.3879993435305654,0.192,0.02,0.212,0.581,-0.581,0.003,-0.346
293,CC(O)C1CC=COC1C(=O)O,-0.133,0.133,0.351,2.849,0.309,0.025,0.0674350061923269,0.3343085838319334,0.139,0.006,0.145,0.808,-0.808,0.042,-0.309
294,CC1=COC2CC2(C(=O)O)C1C#N,-0.15,0.15,0.328,3.045,0.275,0.034,0.0483253586609863,0.3488613154134928,0.164,0.014,0.179,0.606,-0.606,0.014,-0.314
295,CCC1CC(CC#N)(C(=O)O)C1O,-0.157,0.157,0.378,2.647,0.357,0.033,0.0646420577069771,0.3782240238318411,0.167,0.01,0.177,0.898,-0.898,0.032,-0.346
296,O=CCC1CC(CCC(=O)O)=NO1,-0.161,0.161,0.321,3.116,0.296,0.04,0.0400567611714639,0.3612825863088642,0.181,0.02,0.201,0.848,-0.848,-0.0,-0.321
297,O=C(O)C1C2C(=O)C(C3CO3)=NN12,-0.206,0.206,0.274,3.644,0.256,0.077,0.0084523441004006,0.4208899868777766,0.275,0.069,0.344,0.647,-0.647,-0.069,-0.343
298,C#CC(=CC#CC(O)C=O)C(=O)O,-0.2,0.2,0.252,3.967,0.228,0.079,0.0053654010376456,0.4055655195305285,0.275,0.075,0.349,0.43,-0.43,-0.074,-0.326
299,C#CC=CC1C2COC(C(=O)O)C12,-0.157,0.157,0.299,3.344,0.267,0.041,0.0336256297907243,0.348089579647804,0.18,0.023,0.203,0.395,-0.395,-0.008,-0.307
300,NC(=O)C1C(C(=O)O)=CCC2OC21,-0.165,0.165,0.307,3.259,0.28,0.045,0.0326701474141572,0.3631568017398226,0.191,0.026,0.216,0.782,-0.782,-0.012,-0.319
301,C#CC(CC=C)(OCCO)C(=O)O,-0.153,0.153,0.369,2.709,0.352,0.032,0.0632088341421265,0.369404186509684,0.163,0.01,0.173,0.808,-0.808,0.031,-0.338
302,CCN1C(C=CC=O)C1C(=O)O,-0.181,0.181,0.3,3.331,0.298,0.054,0.0237768114476487,0.3851696457230399,0.218,0.037,0.255,0.644,-0.644,-0.031,-0.331
303,Cc1nc(C)n2c1CC(C(=O)O)C2,-0.125,0.125,0.3,3.335,0.248,0.026,0.0507875632467551,0.3014546898068979,0.134,0.008,0.142,0.934,-0.934,0.025,-0.275
304,CC(=CC(=O)O)c1c(C)cnn1O,-0.169,0.169,0.271,3.691,0.262,0.053,0.0192198954978675,0.3569829156143126,0.207,0.038,0.244,0.554,-0.554,-0.033,-0.304
305,C=C(C1COC(C)C1)C(O)C(=O)O,-0.142,0.142,0.341,2.937,0.317,0.03,0.0579904303931835,0.3415849496227131,0.151,0.009,0.161,0.967,-0.967,0.028,-0.312
306,O=C(O)C1=C2CC3OC3C2C(=O)C1,-0.178,0.178,0.313,3.199,0.311,0.051,0.0288114685857135,0.3855738882669722,0.211,0.032,0.243,0.774,-0.774,-0.022,-0.335
307,CC=CC(C(=O)O)C1(C=CC)CC1,-0.137,0.137,0.326,3.07,0.303,0.029,0.0546462420751989,0.3288329348277609,0.147,0.01,0.156,0.903,-0.903,0.026,-0.3
308,CCN1C(C(=O)O)C1C(C)CO,-0.113,0.113,0.288,3.477,0.243,0.022,0.0528455252885918,0.2792948485349779,0.119,0.006,0.125,0.861,-0.861,0.031,-0.257
309,O=C(O)C1C=CCC1c1cnco1,-0.143,0.143,0.334,2.998,0.314,0.031,0.0542052502090911,0.3410337097900783,0.154,0.011,0.165,0.754,-0.754,0.023,-0.31
310,CC1=C2C(C=CC1)OCC2C(=O)O,-0.144,0.144,0.34,2.937,0.329,0.03,0.0568144520835626,0.3443411487858872,0.154,0.01,0.164,0.518,-0.518,0.026,-0.314
311,C=CCC(C(=O)O)c1cc(C)cs1,-0.138,0.138,0.308,3.247,0.29,0.031,0.0468186364517844,0.323063291246183,0.15,0.012,0.162,0.463,-0.463,0.016,-0.292
312,C=C1NC(=O)C(C(=O)O)C(=C)C1O,-0.147,0.147,0.313,3.193,0.282,0.034,0.0441359359329616,0.3379835160494989,0.162,0.015,0.177,0.626,-0.626,0.01,-0.304
313,CC1C=C(C(=O)O)CN2CC=CC12,-0.146,0.146,0.28,3.565,0.239,0.038,0.032265904870225,0.3242025202336283,0.166,0.021,0.187,0.937,-0.937,-0.006,-0.286
314,CC#CC(C(N)=O)=C(C)CC(=O)O,-0.159,0.159,0.284,3.515,0.264,0.044,0.0277089889204438,0.3455538764176839,0.186,0.027,0.213,0.471,-0.471,-0.017,-0.301
315,C=C(C(=O)O)n1ccc(C#CC)c1,-0.157,0.157,0.248,4.033,0.224,0.05,0.0165371949790447,0.3312216407691784,0.194,0.037,0.231,0.767,-0.767,-0.033,-0.281
316,CCC1(C(=O)O)CCCN1C=NO,-0.108,0.108,0.321,3.118,0.283,0.018,0.0707056958659602,0.2862404704261767,0.11,0.002,0.113,0.924,-0.924,0.053,-0.268
317,CCC1(C)C(O)C(C(=O)O)C1C=O,-0.163,0.163,0.339,2.951,0.317,0.039,0.0454589115312852,0.3722338843172094,0.182,0.018,0.2,0.719,-0.719,0.006,-0.333
318,CN1C=NOCC(C(=O)O)CC=N1,-0.133,0.133,0.303,3.3,0.272,0.029,0.0479211161170541,0.3132144729031075,0.143,0.011,0.154,0.72,-0.72,0.019,-0.284
319,CCC(C)(C(=O)O)N(C)N=CC#N,-0.163,0.163,0.292,3.423,0.233,0.046,0.0284072260417813,0.3550352015390028,0.191,0.028,0.219,0.506,-0.506,-0.017,-0.309
320,CC1C(C#CC(N)=O)CC1C(=O)O,-0.168,0.168,0.341,2.934,0.327,0.041,0.0439521893220833,0.3794735007858134,0.188,0.02,0.208,0.739,-0.739,0.003,-0.338
321,C=CC(N=CN(C)C(C)=N)C(=O)O,-0.137,0.137,0.321,3.12,0.291,0.029,0.0526985279998892,0.326150234308938,0.147,0.01,0.157,0.56,-0.56,0.024,-0.297
322,CC1C2OCC(C(=O)O)C1N1CC21,-0.137,0.137,0.356,2.813,0.341,0.026,0.0672880089036242,0.3409234618235513,0.143,0.006,0.15,0.949,-0.949,0.041,-0.315
323,CC1=C(CC(=O)O)C(C=O)=CC1O,-0.182,0.182,0.239,4.186,0.196,0.07,0.0066883766359692,0.3713886499071693,0.245,0.063,0.308,0.712,-0.712,-0.063,-0.302
324,C=NN=C1CON=C1C#CC(=O)O,-0.199,0.199,0.257,3.888,0.22,0.077,0.0065046300250909,0.4052715249531232,0.27,0.071,0.341,0.49,-0.49,-0.071,-0.328
325,C=CC(CC)(CC(=C)C=O)C(=O)O,-0.186,0.186,0.303,3.298,0.3,0.057,0.0224905851715008,0.3953124586435207,0.227,0.04,0.267,0.661,-0.661,-0.035,-0.338
326,C=CCC(O)(CC(=O)O)C1OC1C,-0.137,0.137,0.349,2.864,0.324,0.027,0.0644950604182745,0.3383510092712555,0.144,0.007,0.151,0.863,-0.863,0.038,-0.312
327,CC1CC1C1CC=C(C(=O)O)CC1,-0.161,0.161,0.325,3.081,0.307,0.04,0.0412694888032605,0.3631568017398226,0.181,0.02,0.2,0.444,-0.444,0.001,-0.323
328,C=C(CC1=CCC(OC)O1)C(=O)O,-0.151,0.151,0.27,3.7,0.208,0.042,0.0262757653555933,0.3284654416060043,0.177,0.026,0.203,0.931,-0.931,-0.016,-0.286
329,CC(C#N)Cc1ncsc1C(=O)O,-0.164,0.164,0.265,3.778,0.227,0.051,0.0192933941422188,0.3465093587942509,0.199,0.036,0.235,0.776,-0.776,-0.031,-0.296
330,CC1=COC2=CCC(C(=O)O)CC12,-0.113,0.113,0.313,3.193,0.249,0.02,0.0642378151630449,0.2894744107776343,0.116,0.004,0.12,0.467,-0.467,0.044,-0.269
331,O=CCCC#CCC1OC1C(=O)O,-0.159,0.159,0.338,2.955,0.33,0.037,0.0477741188283514,0.364920769204254,0.175,0.016,0.191,0.758,-0.758,0.011,-0.328
332,C#CC1=C(C)C2COC1(C(=O)O)O2,-0.162,0.162,0.297,3.372,0.267,0.044,0.030354940117091,0.3551454495055298,0.189,0.026,0.215,0.395,-0.395,-0.014,-0.311
333,C=C1CC2N(C=O)C2(C(=O)O)C1C,-0.156,0.156,0.343,2.915,0.335,0.035,0.051228555112863,0.3623483166519582,0.17,0.014,0.184,0.693,-0.693,0.016,-0.327
334,C=C(C)C(C=O)=C(COC)C(=O)O,-0.168,0.168,0.286,3.491,0.256,0.049,0.0245485472133375,0.3602903546101215,0.2,0.032,0.233,0.823,-0.823,-0.025,-0.311
335,Cn1ncc(COC=O)c1C(=O)O,-0.183,0.183,0.312,3.205,0.305,0.053,0.0268637545104038,0.3919315210033604,0.218,0.035,0.253,0.542,-0.542,-0.027,-0.339
336,C=C1C=CCC(C)ON=C1C(=O)O,-0.166,0.166,0.293,3.411,0.277,0.047,0.0274517436652142,0.3600331093548919,0.196,0.03,0.225,0.612,-0.612,-0.02,-0.313
337,CC1CC(C(=O)O)C=C1C#CC#N,-0.19,0.19,0.275,3.64,0.233,0.065,0.0131562573388844,0.3925195101581709,0.243,0.053,0.296,0.419,-0.419,-0.052,-0.327
338,CC1CC1c1cnc(C(=O)O)nn1,-0.203,0.203,0.282,3.545,0.266,0.073,0.0110247966526964,0.417435550593265,0.266,0.062,0.328,0.667,-0.667,-0.062,-0.344
339,CC12C=CCC1(C(=O)C(=O)O)OC2,-0.172,0.172,0.312,3.201,0.31,0.047,0.0315309184267119,0.3756515712795453,0.2,0.028,0.229,0.78,-0.78,-0.016,-0.328
340,CC(C)C1ON=CC1CC(=O)O,-0.155,0.155,0.343,2.917,0.304,0.035,0.0516327976567952,0.3609518424092833,0.169,0.014,0.182,0.603,-0.603,0.017,-0.326
341,CC1C(C(=O)O)CC2(C)CC2C1O,-0.142,0.142,0.378,2.648,0.366,0.027,0.073278148418256,0.3580853952795822,0.149,0.006,0.155,0.9,-0.9,0.046,-0.331
342,C=C(C)CC(=CCC)OCC(=O)O,-0.124,0.124,0.329,3.036,0.297,0.023,0.063796823296937,0.3125529851039457,0.13,0.005,0.135,0.793,-0.793,0.04,-0.289
343,CC1=CCCCC(C(=O)O)C=CO1,-0.127,0.127,0.342,2.923,0.33,0.024,0.0677290007697321,0.3213728224261029,0.132,0.005,0.137,0.652,-0.652,0.044,-0.298
344,C=CC1(C2(C(=O)O)CCC2O)CO1,-0.143,0.143,0.362,2.759,0.342,0.028,0.0662590278827059,0.3528669915306392,0.151,0.008,0.159,0.557,-0.557,0.038,-0.325
345,O=C(O)COCCN1C=NN=CC1,-0.144,0.144,0.294,3.4,0.269,0.035,0.0380722977739785,0.3269954687189781,0.162,0.017,0.179,0.603,-0.603,0.003,-0.292
346,O=C1C=CC(CO)(C(=O)O)C=CC1,-0.174,0.174,0.289,3.466,0.252,0.052,0.0228580783932574,0.3702126715975484,0.209,0.036,0.245,0.743,-0.743,-0.029,-0.318
347,O=CN1C2C=CC(C(O)C(=O)O)C21,-0.168,0.168,0.332,3.011,0.316,0.043,0.0403140064266935,0.3773052907774498,0.19,0.022,0.212,0.797,-0.797,-0.002,-0.335
348,CC(=O)C12CC(C(=O)O)(C=CO1)C2,-0.156,0.156,0.314,3.187,0.29,0.039,0.0394687720166534,0.3523892503423557,0.176,0.019,0.195,0.778,-0.778,0.0,-0.313
349,CN1C2C=CCC(O)C(C(=O)O)C21,-0.134,0.134,0.344,2.909,0.329,0.026,0.064017319229991,0.3319566272126915,0.141,0.007,0.147,0.803,-0.803,0.038,-0.306
350,N#CC=Cc1ccoc1CC(=O)O,-0.173,0.173,0.262,3.822,0.221,0.057,0.0150672220920185,0.3608415944427564,0.217,0.044,0.261,0.537,-0.537,-0.042,-0.304
351,C=CCNC(=O)C(CC)C(=O)O,-0.156,0.156,0.361,2.772,0.344,0.034,0.0580639290375348,0.370139172953197,0.168,0.012,0.18,0.917,-0.917,0.024,-0.336
352,CCC=C1C=CC(C)C(C(=O)O)O1,-0.136,0.136,0.277,3.614,0.206,0.033,0.0359040877656149,0.3073713306771783,0.152,0.016,0.168,0.485,-0.485,0.003,-0.274
353,CCC1C(CC(=O)O)N=C(C)N1C,-0.115,0.115,0.323,3.095,0.274,0.02,0.0670675129705703,0.296861024534941,0.118,0.004,0.122,0.85,-0.85,0.047,-0.276
354,O=C(O)C=CN1C2C=CC(=NO)C21,-0.171,0.171,0.269,3.711,0.253,0.054,0.0180439171882466,0.3598493627440137,0.211,0.04,0.25,0.796,-0.796,-0.036,-0.306
355,C=C1OC2C3C1N(C2C)C3C(=O)O,-0.131,0.131,0.316,3.163,0.277,0.027,0.0544624954643207,0.3156399281667007,0.139,0.008,0.147,0.828,-0.828,0.027,-0.289
356,O=C(O)C1=CC2OC(C3CC3)C2C1,-0.171,0.171,0.309,3.236,0.293,0.047,0.0308326813053745,0.3729321214385468,0.2,0.028,0.228,0.754,-0.754,-0.017,-0.326
357,C=NOC1CC(C(=O)O)C1C1CC1,-0.151,0.151,0.347,2.878,0.33,0.033,0.0558222203848199,0.3568726676477856,0.162,0.012,0.174,0.662,-0.662,0.023,-0.324
358,COc1cncc(C=CC(=O)O)n1,-0.191,0.191,0.25,4.0,0.215,0.073,0.0070191205355501,0.3886608313297272,0.257,0.066,0.323,0.502,-0.502,-0.066,-0.316
359,C=C(C)C(=C)C1OC1C(=O)C(=O)O,-0.18,0.18,0.253,3.951,0.215,0.064,0.0105838047865886,0.3704699168527779,0.234,0.054,0.288,0.95,-0.95,-0.053,-0.307
360,CC1OCC2=COCCC21C(=O)O,-0.123,0.123,0.333,3.006,0.298,0.023,0.066038531949652,0.3121854918821891,0.128,0.005,0.133,0.888,-0.888,0.043,-0.289
361,CC1=CCC2(C)CN2C=C1C(=O)O,-0.138,0.138,0.276,3.629,0.227,0.035,0.0342136189455348,0.3107522683173386,0.156,0.017,0.173,0.512,-0.512,-0.0,-0.276
362,C=CC=C1CC=C(CC(=O)O)O1,-0.144,0.144,0.269,3.711,0.21,0.038,0.0292157111296457,0.3172568983424295,0.166,0.022,0.188,0.43,-0.43,-0.009,-0.279
363,O=C(O)C(=O)Nc1occ2c1CC2,-0.154,0.154,0.244,4.098,0.18,0.049,0.0165739443012204,0.3247905093884388,0.19,0.036,0.225,0.766,-0.766,-0.032,-0.276
364,C=CCCS(=O)(=O)C(=C)CC(=O)O,-0.173,0.173,0.323,3.094,0.294,0.046,0.0349486053890479,0.3807597270619614,0.199,0.026,0.225,0.913,-0.913,-0.011,-0.335
365,C=C1C=C(C=CCC(=O)O)OCC1,-0.157,0.157,0.248,4.036,0.19,0.05,0.016720941589923,0.3302294090704358,0.193,0.036,0.229,0.378,-0.378,-0.033,-0.281
366,CC(CO)C1N(CC(=O)O)C1(C)C,-0.13,0.13,0.35,2.86,0.315,0.024,0.069125475012407,0.3286859375390583,0.135,0.005,0.14,0.904,-0.904,0.045,-0.305
367,CC1CC2(OC=C(C(=O)O)O2)C1C,-0.146,0.146,0.283,3.539,0.207,0.038,0.0330008913137381,0.3250110053214927,0.166,0.02,0.186,0.579,-0.579,-0.005,-0.287
368,CC12C=CCOC(C(=O)O)C1CC2,-0.137,0.137,0.354,2.823,0.335,0.026,0.0668470170375164,0.3399679794469843,0.143,0.007,0.15,0.757,-0.757,0.041,-0.314
369,C=C1C=C(C)C2=C(C(=O)O)OCC12,-0.153,0.153,0.229,4.361,0.163,0.051,0.0128255134393035,0.3180286341081182,0.192,0.04,0.232,0.432,-0.432,-0.038,-0.267
370,CN1C=NCC1C(=O)C=CC(=O)O,-0.157,0.157,0.228,4.393,0.172,0.054,0.0108777993639938,0.3254519971876006,0.202,0.044,0.246,0.936,-0.936,-0.043,-0.271
371,CCC(C)C1C(C#CC(=O)O)N1C,-0.164,0.164,0.307,3.254,0.266,0.044,0.0332213872467921,0.362054322074553,0.189,0.025,0.214,0.775,-0.775,-0.011,-0.318
372,CC=CC#CC(CN1CC1)C(=O)O,-0.146,0.146,0.306,3.263,0.292,0.035,0.0419309766024223,0.3342350851875821,0.162,0.016,0.178,0.419,-0.419,0.007,-0.299
373,Cc1c(C(C)CC(=O)O)cnn1O,-0.125,0.125,0.35,2.859,0.337,0.022,0.0719184234977568,0.3227692966687778,0.13,0.004,0.134,0.959,-0.959,0.049,-0.3
374,O=C(O)CC1(CO)C=CCC1,-0.138,0.138,0.349,2.862,0.31,0.027,0.0641275671965179,0.3396739848695791,0.145,0.007,0.152,0.86,-0.86,0.037,-0.313
375,CC1CC(C(=O)O)=CC=C1C(N)=O,-0.185,0.185,0.25,4.004,0.217,0.068,0.0084890934225763,0.3777462826435576,0.244,0.06,0.304,0.393,-0.393,-0.06,-0.309
376,CN1CC=COC(C(=O)O)OCC1,-0.144,0.144,0.32,3.123,0.283,0.032,0.0483253586609863,0.336807537739878,0.157,0.013,0.17,0.848,-0.848,0.016,-0.304
377,CN1CC(C(=O)O)C(=O)NC1=N,-0.145,0.145,0.34,2.944,0.308,0.031,0.0556752230961173,0.346068366928143,0.156,0.011,0.167,0.78,-0.78,0.025,-0.315
378,CC1CC2N3CC2(C)C(C(=O)O)C13,-0.124,0.124,0.338,2.959,0.279,0.023,0.0680229953471373,0.3151254376562415,0.128,0.005,0.133,0.912,-0.912,0.045,-0.293
379,CC1C(C(=O)O)=CN2C(C)C12,-0.155,0.155,0.293,3.415,0.245,0.041,0.032376152836752,0.3426874292879828,0.178,0.023,0.201,0.625,-0.625,-0.009,-0.302
380,C=C(C)OC(=C)C(CC(=O)O)OC,-0.145,0.145,0.32,3.125,0.285,0.033,0.0479578654392297,0.3375792735055667,0.158,0.013,0.171,0.501,-0.501,0.015,-0.305
381,O=C(O)CC=CC=CCN1CC1,-0.164,0.164,0.288,3.466,0.275,0.047,0.0269372531547551,0.3545574603507193,0.193,0.029,0.222,0.418,-0.418,-0.02,-0.308
382,COc1ncc(C#CC(=O)O)cn1,-0.186,0.186,0.275,3.633,0.255,0.063,0.0145527315815593,0.38601488013308,0.235,0.05,0.285,0.532,-0.532,-0.048,-0.323
383,C=C1C=CC(=C)C(C)(C(=O)O)CO1,-0.155,0.155,0.249,4.012,0.193,0.048,0.0177131732886657,0.3283184443173016,0.19,0.035,0.225,0.463,-0.463,-0.031,-0.28
384,C=C1C(C#CC(=O)O)CC(=N)N1O,-0.151,0.151,0.268,3.735,0.195,0.043,0.0254672802677289,0.3273629619407346,0.177,0.026,0.204,0.964,-0.964,-0.017,-0.285
385,O=C(O)C12CCC1C=COS2(=O)=O,-0.16,0.16,0.342,2.927,0.299,0.038,0.048141612050108,0.3686324507439952,0.177,0.016,0.193,0.762,-0.762,0.011,-0.331
386,CC(=CCCC#N)C(C)(C)C(=O)O,-0.151,0.151,0.353,2.835,0.318,0.032,0.0579169317488322,0.3590776269783249,0.162,0.011,0.173,0.502,-0.502,0.026,-0.327
387,C=CC1N2CC=CC12C(=C)C(=O)O,-0.154,0.154,0.272,3.67,0.222,0.043,0.0258715228116611,0.3333531014553664,0.181,0.027,0.208,0.879,-0.879,-0.018,-0.29
388,COC1(C(O)C(C)C(=O)O)CCC1,-0.149,0.149,0.376,2.661,0.37,0.029,0.0686109845019478,0.3661334968360507,0.157,0.008,0.165,0.885,-0.885,0.039,-0.337
389,C=C1C(C(=O)O)=CCCC(=N)N1O,-0.157,0.157,0.262,3.819,0.205,0.047,0.0211676095731772,0.3342718345097578,0.188,0.032,0.22,0.833,-0.833,-0.026,-0.287
390,O=C(O)C1=CC2C(O1)C1CN2C1,-0.167,0.167,0.292,3.428,0.288,0.048,0.0266065092551742,0.360878343764932,0.198,0.03,0.228,0.912,-0.912,-0.021,-0.313
391,CN(C)CCC(=O)C(=O)O,-0.17,0.17,0.244,4.097,0.187,0.059,0.0113187912301017,0.3508457788109782,0.218,0.048,0.267,0.917,-0.917,-0.048,-0.292
392,CC(=O)C=CC(C(=O)O)C1CO1,-0.176,0.176,0.304,3.289,0.287,0.051,0.027047501121282,0.3786282663757734,0.209,0.033,0.241,0.769,-0.769,-0.024,-0.328
393,CC1=NC(C(=O)O)C2CC=CN12,-0.133,0.133,0.321,3.112,0.277,0.028,0.0551239832634824,0.3213360731039272,0.142,0.009,0.15,0.602,-0.602,0.028,-0.294
394,O=C(O)C1C2CC3CC=CCN2C31,-0.122,0.122,0.332,3.012,0.295,0.023,0.0661487799161789,0.3109727642503925,0.127,0.005,0.132,0.794,-0.794,0.044,-0.288
395,C=CC(=C)C(C)OC(=C)C(=O)O,-0.157,0.157,0.298,3.35,0.278,0.041,0.0335888804685486,0.3473178438821153,0.18,0.023,0.202,0.351,-0.351,-0.008,-0.306
396,CC=CC1C(C)=CC=C1CC(=O)O,-0.146,0.146,0.282,3.547,0.239,0.038,0.0327803953806842,0.3247537600662631,0.166,0.02,0.186,0.416,-0.416,-0.005,-0.287
397,CC12CC(C(C(=O)O)=CO1)C2C=O,-0.16,0.16,0.305,3.279,0.279,0.042,0.0342136189455348,0.3552189481498811,0.184,0.023,0.207,0.531,-0.531,-0.008,-0.313
398,CC(C)(O)C1=CC(C(=O)O)=NOC1,-0.184,0.184,0.272,3.681,0.226,0.062,0.0141117397154515,0.3823031985933389,0.234,0.05,0.283,0.494,-0.494,-0.048,-0.32
399,CC=Cc1ccnc(=N)n1C(=O)O,-0.17,0.17,0.242,4.127,0.204,0.06,0.0108410500418182,0.3504782855892216,0.219,0.049,0.268,0.532,-0.532,-0.049,-0.291
400,N#CC(O)C1C=CC(C(=O)O)=C1,-0.182,0.182,0.282,3.546,0.234,0.059,0.0177131732886657,0.381862206727231,0.226,0.044,0.27,0.482,-0.482,-0.041,-0.323
401,C=CC(C=C)C1(C)CC1(C)C(=O)O,-0.144,0.144,0.364,2.745,0.362,0.028,0.0667367690709894,0.3543737137398411,0.151,0.008,0.159,0.523,-0.523,0.038,-0.326
402,C#CC1(C(=C)C(=O)O)C=NNC1=O,-0.183,0.183,0.306,3.269,0.296,0.055,0.0248425417907427,0.3902043028611047,0.22,0.037,0.256,0.891,-0.891,-0.03,-0.336
403,C=C(OC)N1C=NC(C(=O)O)C=N1,-0.154,0.154,0.291,3.434,0.251,0.041,0.032376152836752,0.3400782274135113,0.176,0.023,0.199,0.75,-0.75,-0.008,-0.299
404,CC1=CC(C(C)C(=O)O)C(CO)O1,-0.111,0.111,0.325,3.077,0.25,0.019,0.0706321972216088,0.2920468633299302,0.113,0.003,0.116,0.901,-0.901,0.052,-0.273
405,CCC12CC(=NO)OC1C2C(=O)O,-0.137,0.137,0.333,3.0,0.28,0.028,0.0580271797153592,0.3313318887357054,0.145,0.009,0.154,0.822,-0.822,0.03,-0.303
406,O=C(O)C1CC1C12CN1C=CC2=O,-0.18,0.18,0.3,3.334,0.293,0.054,0.024070806025054,0.3835159262251355,0.216,0.037,0.253,0.681,-0.681,-0.03,-0.33
407,C#CC(C)=C(C#C)OC(=O)C(=O)O,-0.174,0.174,0.25,4.004,0.201,0.06,0.0115392871631556,0.3592246242670275,0.224,0.05,0.273,0.475,-0.475,-0.049,-0.299
408,COC12CC(OC=C1C(=O)O)C2C,-0.148,0.148,0.301,3.328,0.272,0.036,0.038660286928789,0.3348598236645683,0.166,0.018,0.184,0.524,-0.524,0.002,-0.298
409,O=C(O)C1=CC2C(=NO)OC3C1C23,-0.161,0.161,0.271,3.69,0.228,0.048,0.0223068385606225,0.3444881460745899,0.193,0.032,0.225,0.761,-0.761,-0.026,-0.297
410,CCC(C=O)=C(C(=O)O)C(C)CC,-0.188,0.188,0.289,3.454,0.285,0.061,0.0176396746443143,0.3943937255891293,0.235,0.046,0.281,0.532,-0.532,-0.044,-0.333
411,O=C(O)C1CC(O)S(=O)(=O)C2CC12,-0.167,0.167,0.381,2.627,0.377,0.036,0.0602321390458985,0.3934014938903867,0.18,0.013,0.193,0.873,-0.873,0.024,-0.357
412,C#CC1CC(C)(O)C1(C#C)C(=O)O,-0.155,0.155,0.362,2.762,0.358,0.033,0.0592399073471558,0.36918369057663,0.166,0.011,0.178,0.706,-0.706,0.026,-0.336
413,O=C(O)C(=O)C1=CC=C2C=NN=C21,-0.23,0.23,0.198,5.047,0.176,0.133,0.0025357032301201,0.4623432222919154,0.394,0.164,0.558,0.444,-0.444,-0.131,-0.329
414,C=C1C(C(=O)O)=COC(C)C1CO,-0.141,0.141,0.285,3.514,0.224,0.035,0.036418578276074,0.3176243915641861,0.158,0.017,0.174,0.473,-0.473,0.002,-0.283
415,O=C(O)C=CC1CC2(O)CC(C2)O1,-0.17,0.17,0.299,3.346,0.283,0.048,0.0279662341756734,0.3671257285347933,0.2,0.03,0.23,0.866,-0.866,-0.02,-0.319
416,O=C(O)C1OCC=Cc2sccc21,-0.146,0.146,0.267,3.745,0.229,0.04,0.0274149943430386,0.3194986069951445,0.17,0.024,0.193,0.389,-0.389,-0.013,-0.28
417,CCC1CC(C)(CC(=O)O)C1CO,-0.142,0.142,0.389,2.569,0.376,0.026,0.0783863042006721,0.3629730551289444,0.147,0.005,0.153,0.745,-0.745,0.052,-0.337
418,CC#CC(CC(=O)O)=C(C)CC#N,-0.153,0.153,0.3,3.334,0.257,0.039,0.0361613330208445,0.3414012030118348,0.173,0.02,0.193,0.389,-0.389,-0.003,-0.303
419,CC1C2CCCCOC12C(=O)O,-0.136,0.136,0.365,2.743,0.347,0.025,0.0714406823094733,0.3440104048863064,0.142,0.006,0.147,0.785,-0.785,0.046,-0.319
420,CCC1=COCC(O)(C(=O)O)C1C,-0.121,0.121,0.309,3.234,0.24,0.024,0.0572186946274948,0.2993599784428856,0.127,0.006,0.133,0.916,-0.916,0.034,-0.276
421,CC(CN1C2CC(O)CC21)C(=O)O,-0.129,0.129,0.347,2.883,0.3,0.024,0.0682802406023669,0.3267749727859241,0.134,0.005,0.14,0.919,-0.919,0.044,-0.303
422,CN1CC(CCC=O)(CC(=O)O)C1,-0.14,0.14,0.32,3.12,0.294,0.031,0.0508978112132821,0.330633651614368,0.151,0.011,0.162,0.949,-0.949,0.02,-0.3
423,O=C(O)C1(O)C2C=CC3C2OCC31,-0.136,0.136,0.348,2.87,0.339,0.027,0.0647155563513284,0.3369177857064049,0.143,0.007,0.15,0.832,-0.832,0.038,-0.31
424,CCC1(CC(=O)O)CCC1C,-0.149,0.149,0.384,2.607,0.366,0.029,0.0718081755312298,0.3695879331205622,0.156,0.007,0.164,0.836,-0.836,0.043,-0.341
425,COC1=NC2=CN=C(C(=O)O)C2=N1,-0.22,0.22,0.19,5.268,0.135,0.128,0.0024622045857688,0.4434173213714532,0.378,0.158,0.536,0.539,-0.539,-0.126,-0.315
426,C=CC(=C)C(C(=C)C)=C(C)C(=O)O,-0.16,0.16,0.281,3.563,0.273,0.046,0.0257612748451341,0.3465093587942509,0.189,0.029,0.218,0.806,-0.806,-0.02,-0.301
427,C=CCCC(C)(CO)CC(=O)O,-0.135,0.135,0.376,2.662,0.355,0.024,0.0769530806358215,0.3473545932042909,0.14,0.005,0.144,0.948,-0.948,0.053,-0.323
428,C=NN1C(CC(=O)O)C(C)S1(=O)=O,-0.163,0.163,0.34,2.943,0.316,0.039,0.04601015136392,0.3720501377063311,0.181,0.018,0.199,0.579,-0.579,0.007,-0.333
429,CC(C)(NC(=O)CC=NO)C(=O)O,-0.149,0.149,0.345,2.9,0.337,0.032,0.0553444791965364,0.3542634657733141,0.161,0.012,0.173,0.711,-0.711,0.023,-0.322
430,O=C(O)C1=NC(=O)C2=C1C=CC2O,-0.226,0.226,0.211,4.735,0.174,0.121,0.0005512398326348,0.4534498863254069,0.369,0.143,0.512,0.634,-0.634,-0.121,-0.332
431,C=C(C)C(=CC#N)C(=NO)C(=O)O,-0.19,0.19,0.255,3.925,0.211,0.071,0.0081583495229954,0.3886975806519028,0.253,0.063,0.316,0.566,-0.566,-0.063,-0.318
432,N#CC12C=CCN1C(CC(=O)O)C2,-0.149,0.149,0.343,2.913,0.314,0.032,0.0551607325856581,0.3524994983088827,0.16,0.012,0.172,0.839,-0.839,0.023,-0.32
433,C#CC1C=C(CC(=O)O)OCC1=O,-0.17,0.17,0.313,3.192,0.293,0.046,0.0326333980919816,0.3732261160159521,0.197,0.027,0.224,0.858,-0.858,-0.014,-0.327
434,O=C(O)C1CC(=NO)C2CC=NN12,-0.158,0.158,0.321,3.113,0.3,0.039,0.0413062381254362,0.357901648668704,0.177,0.019,0.196,0.67,-0.67,0.002,-0.319
435,COC(C)C(C)C=CCC(=O)O,-0.141,0.141,0.348,2.874,0.332,0.029,0.0613346187111681,0.3440839035306576,0.15,0.009,0.158,0.614,-0.614,0.033,-0.315
436,CC(=O)C1(CC(=O)O)CC1C#N,-0.171,0.171,0.343,2.913,0.313,0.042,0.0433274508450972,0.3849124004678104,0.192,0.021,0.213,0.719,-0.719,0.001,-0.342
437,CN(C)CC1(C(=O)O)CCOC1=O,-0.14,0.14,0.321,3.117,0.269,0.03,0.051118307146336,0.3304499050034897,0.151,0.011,0.162,0.938,-0.938,0.021,-0.3
438,CN1C2CC1(C(=O)O)C(=NO)C2=O,-0.168,0.168,0.267,3.749,0.221,0.053,0.0181541651547735,0.3546677083172463,0.207,0.039,0.246,0.721,-0.721,-0.035,-0.302
439,C#CC(CCC=C)C(C#C)C(=O)O,-0.149,0.149,0.36,2.777,0.343,0.031,0.061885858543803,0.359922861388365,0.159,0.01,0.168,0.885,-0.885,0.031,-0.329
440,CCN1C2CC(O)C(C(=O)O)CC21,-0.131,0.131,0.365,2.739,0.343,0.024,0.0747848706274579,0.337652772149918,0.136,0.004,0.14,0.936,-0.936,0.051,-0.314
441,O=CNC1=NCCOC1=CC(=O)O,-0.188,0.188,0.27,3.701,0.257,0.065,0.0124947695397226,0.3884035860744976,0.242,0.054,0.295,0.605,-0.605,-0.053,-0.323
442,CCN1C(C)CC=C(C)C1C(=O)O,-0.13,0.13,0.323,3.098,0.301,0.026,0.0574759398827244,0.31784488749724,0.138,0.008,0.145,0.896,-0.896,0.031,-0.292
443,CC1C2CC(O)CC(C(=O)O)C12O,-0.141,0.141,0.375,2.663,0.37,0.026,0.073278148418256,0.3550352015390028,0.147,0.006,0.153,0.902,-0.902,0.047,-0.329
444,CCC1OC1CC1COC1C(=O)O,-0.141,0.141,0.366,2.73,0.342,0.027,0.0690887256902313,0.3517645118653695,0.148,0.007,0.155,0.779,-0.779,0.042,-0.324
445,O=C(O)C1C2C3CC4C3C=CC4N12,-0.15,0.15,0.344,2.907,0.334,0.033,0.0548667380082529,0.3543369644176654,0.162,0.012,0.173,0.642,-0.642,0.022,-0.322
446,CC1CC2(C(=O)O)OCC2C1C=O,-0.164,0.164,0.323,3.095,0.307,0.042,0.0392850254057751,0.3669052326017394,0.185,0.021,0.206,0.839,-0.839,-0.002,-0.325
447,CN(O)C(=N)C1(CC(=O)O)CCO1,-0.134,0.134,0.342,2.927,0.313,0.026,0.0633925807530048,0.330523403647841,0.14,0.007,0.147,0.738,-0.738,0.037,-0.304
448,C=NN1C(C)C1(C(=O)O)C1CCC1,-0.143,0.143,0.314,3.181,0.273,0.032,0.0467451378074331,0.332544616367502,0.156,0.013,0.169,0.659,-0.659,0.014,-0.3
449,C#CC(O)(C(=O)O)C(C=C)OC=C,-0.146,0.146,0.317,3.156,0.271,0.034,0.04601015136392,0.3382775106269042,0.16,0.014,0.174,0.916,-0.916,0.012,-0.305
450,CC1C(CO)C2C(C(=O)O)OCC12,-0.146,0.146,0.38,2.631,0.372,0.028,0.0719184234977568,0.3645165266603218,0.153,0.007,0.16,0.741,-0.741,0.044,-0.336
451,N#CC=NN1CC2CC2(C(=O)O)C1,-0.169,0.169,0.29,3.442,0.23,0.049,0.0254305309455532,0.3632670497063496,0.201,0.032,0.233,0.509,-0.509,-0.024,-0.314
452,CC=CC(C(=O)O)S(=O)(=O)N(C)C,-0.158,0.158,0.338,2.959,0.311,0.037,0.0481783613722836,0.3631935510619982,0.173,0.016,0.189,0.602,-0.602,0.011,-0.326
453,O=C(O)C12C=CC3C1ON=CC32O,-0.157,0.157,0.339,2.947,0.332,0.037,0.0487296012049185,0.3637080415724574,0.173,0.016,0.189,0.585,-0.585,0.012,-0.327
454,O=C(O)CC1=CCC2OCON=C12,-0.154,0.154,0.29,3.453,0.25,0.041,0.0318984116484685,0.3393432409699982,0.177,0.023,0.199,0.446,-0.446,-0.009,-0.299
455,O=C(O)C12C=CC3OC3C(C1)OC2,-0.156,0.156,0.337,2.97,0.333,0.036,0.0486928518827428,0.3599596107105406,0.171,0.015,0.186,0.475,-0.475,0.013,-0.324
456,CC1C(CC(=O)O)CCCC12CC2,-0.144,0.144,0.373,2.68,0.357,0.028,0.0703749519663793,0.3583058912126362,0.151,0.007,0.158,0.898,-0.898,0.043,-0.331
457,O=C(O)C1CCN1CC1(O)CCC1,-0.113,0.113,0.332,3.011,0.27,0.019,0.0722491673973377,0.2983309974219672,0.116,0.003,0.118,0.845,-0.845,0.053,-0.279
458,CC1CC(C(=O)O)=CN(C(N)=O)C1,-0.146,0.146,0.295,3.386,0.248,0.036,0.0377783031965733,0.3296781692378009,0.164,0.018,0.181,0.526,-0.526,0.002,-0.294
459,CC12OCC3C(C(=O)O)CC1C32C,-0.128,0.128,0.346,2.893,0.313,0.024,0.0687579817906504,0.3239452749783987,0.132,0.005,0.137,0.921,-0.921,0.045,-0.3
460,C=C(CN1C2CCC1C2=O)C(=O)O,-0.165,0.165,0.289,3.46,0.285,0.047,0.0267902558660524,0.3559539345933942,0.194,0.029,0.224,0.981,-0.981,-0.02,-0.309
461,C#CC1OCC2C1N2C(=N)C(=O)O,-0.173,0.173,0.306,3.271,0.285,0.049,0.0288482179078891,0.3746593395808026,0.203,0.03,0.234,0.687,-0.687,-0.02,-0.326
462,CC1=CCC(NC=O)=C1C(=O)O,-0.156,0.156,0.254,3.93,0.185,0.048,0.0189626502426379,0.3312951394135298,0.19,0.034,0.223,0.596,-0.596,-0.029,-0.283
463,C=C(CO)CC(=CC(=O)O)C(N)=O,-0.187,0.187,0.277,3.608,0.265,0.063,0.0145527315815593,0.389322319128889,0.238,0.05,0.288,0.93,-0.93,-0.049,-0.326
464,CN=C(C)NC(=O)C=CC(=O)O,-0.189,0.189,0.265,3.771,0.254,0.067,0.0110615459748721,0.3883300874301463,0.245,0.056,0.301,0.808,-0.808,-0.056,-0.321
465,C#CC(C(=O)O)C1ON=CC=NO1,-0.211,0.211,0.282,3.543,0.274,0.079,0.0090403332552111,0.4306285572543252,0.28,0.07,0.35,0.658,-0.658,-0.07,-0.352
466,CN1CC(C#N)C2(C(=O)O)CC12,-0.136,0.136,0.337,2.968,0.272,0.028,0.0596808992132637,0.3323976190787994,0.144,0.008,0.153,0.888,-0.888,0.032,-0.305
467,CC1(O)C2CC=COCC21C(=O)O,-0.132,0.132,0.327,3.056,0.293,0.026,0.0585049209036427,0.3217035663256837,0.139,0.008,0.147,0.918,-0.918,0.032,-0.295
468,O=C(O)C(CO)C1C2C=COC21,-0.125,0.125,0.271,3.692,0.25,0.029,0.0390645294727212,0.2898786533215666,0.138,0.012,0.15,0.891,-0.891,0.01,-0.261
469,CC1C2CC3C(C(=O)O)=CC1C3O2,-0.167,0.167,0.308,3.246,0.296,0.045,0.0321924062258737,0.3666847366686855,0.194,0.026,0.22,0.493,-0.493,-0.013,-0.321
470,Cc1c(CC(O)C(=O)O)cnn1O,-0.133,0.133,0.331,3.02,0.321,0.027,0.0592766566693315,0.3252315012545466,0.141,0.008,0.148,0.922,-0.922,0.033,-0.299
471,CCC(CC(=O)C1CC1)C(=O)O,-0.151,0.151,0.354,2.826,0.329,0.032,0.0580271797153592,0.3604741012209997,0.162,0.011,0.173,0.725,-0.725,0.026,-0.328
472,COCCC(C)(C)CC(=O)C(=O)O,-0.191,0.191,0.284,3.519,0.274,0.064,0.015434715313775,0.3965251862753173,0.241,0.05,0.291,0.99,-0.99,-0.048,-0.333
473,N=C1N(O)C2CC2C2C(C(=O)O)N12,-0.146,0.146,0.311,3.211,0.286,0.034,0.0437684427112051,0.3364767938402971,0.161,0.015,0.176,0.825,-0.825,0.009,-0.302
474,Cc1snc(C(=O)O)c1N1CC1,-0.153,0.153,0.205,4.869,0.197,0.057,0.0067251259581448,0.3123692384930674,0.203,0.05,0.253,0.589,-0.589,-0.05,-0.256
475,O=C1C2CC2CC2(C(=O)O)C(O)C12,-0.157,0.157,0.333,2.999,0.306,0.037,0.0468921350961357,0.3601066079992432,0.173,0.016,0.189,0.712,-0.712,0.01,-0.323
476,C=C(C)C1OCC2OC2C1C(=O)O,-0.136,0.136,0.358,2.794,0.33,0.026,0.0689417284015287,0.3403722219909165,0.142,0.006,0.148,0.486,-0.486,0.043,-0.315
477,CC=CC(C)C1CC1C=CC(=O)O,-0.162,0.162,0.311,3.211,0.307,0.042,0.0359775864099662,0.3594451202000815,0.184,0.023,0.207,0.684,-0.684,-0.006,-0.317
478,CC1C(=O)CC2C(C(=O)O)CN12,-0.139,0.139,0.302,3.308,0.246,0.032,0.0442829332216642,0.3216668170035081,0.152,0.013,0.165,0.799,-0.799,0.012,-0.29
479,CC(C)=C(C(=O)O)C(=O)NN1CC1,-0.155,0.155,0.263,3.807,0.223,0.046,0.0221230919497443,0.3318096299239889,0.185,0.03,0.215,0.882,-0.882,-0.024,-0.286
480,C=C(C=C1CC2OCC2O1)C(=O)O,-0.155,0.155,0.264,3.785,0.205,0.045,0.0226743317823791,0.3322506217900968,0.185,0.03,0.214,0.533,-0.533,-0.023,-0.287
481,CN1CCCC(=O)CN=C1C(=O)O,-0.164,0.164,0.288,3.476,0.256,0.047,0.0263860133221202,0.3553659454385837,0.194,0.03,0.224,0.66,-0.66,-0.021,-0.308
482,CC(O)(C(=O)O)C1C2CCCC21,-0.146,0.146,0.381,2.624,0.378,0.028,0.072322666041689,0.3649575185264297,0.153,0.007,0.16,0.793,-0.793,0.044,-0.337
483,CC1CCC(O)C1=CC(=O)C(=O)O,-0.199,0.199,0.278,3.603,0.274,0.071,0.0111350446192234,0.4088729585263374,0.259,0.06,0.32,0.626,-0.626,-0.06,-0.338
484,C=C1CC(C)OC1=C(C#N)C(=O)O,-0.187,0.187,0.257,3.89,0.208,0.068,0.0095548237656702,0.3835526755473111,0.246,0.059,0.304,0.513,-0.513,-0.058,-0.316
485,C#CC1=C(OCC(=O)O)C=CCC1,-0.16,0.16,0.252,3.965,0.193,0.051,0.0167576909120986,0.3372852789281615,0.198,0.037,0.235,0.406,-0.406,-0.034,-0.286
486,C=CC(=CS(=O)(=O)C(=O)O)CC#N,-0.197,0.197,0.286,3.493,0.255,0.068,0.0139279931045732,0.4079542254719461,0.252,0.055,0.307,0.404,-0.404,-0.054,-0.34
487,C#CC1=CC2CC1(C(=O)O)C2C#C,-0.16,0.16,0.289,3.462,0.247,0.044,0.0288114685857135,0.3483835742252093,0.186,0.027,0.213,0.392,-0.392,-0.015,-0.304
488,C#CC(C)=C(OC(C)OC)C(=O)O,-0.162,0.162,0.288,3.475,0.249,0.045,0.0276354902760925,0.3509927760996808,0.19,0.028,0.218,0.464,-0.464,-0.018,-0.306
489,CC(OC=NOC(C)(C)C)C(=O)O,-0.129,0.129,0.327,3.054,0.273,0.025,0.0603056376902498,0.3177713888528887,0.135,0.007,0.142,0.958,-0.958,0.035,-0.292
490,O=C(O)C12OCC1OCC1CC2C1,-0.139,0.139,0.385,2.597,0.37,0.025,0.0787537974224286,0.3562846784929751,0.143,0.005,0.148,0.715,-0.715,0.054,-0.331
491,CCC12COC(C)C1(C(=O)O)C2O,-0.145,0.145,0.352,2.844,0.343,0.03,0.0605261336233037,0.3510662747440322,0.155,0.009,0.164,0.806,-0.806,0.031,-0.321
492,C=CC1CC2CCC1C=C2C(=O)O,-0.166,0.166,0.317,3.156,0.313,0.044,0.0358673384434392,0.3680812109113603,0.19,0.024,0.214,0.636,-0.636,-0.008,-0.325
